TICKER;PRECO;DY;P/L;P/VP;P/ATIVOS;MARGEM BRUTA;MARGEM EBIT;MARG. LIQUIDA;P/EBIT;EV/EBIT;DIVIDA LIQUIDA / EBIT;DIV. LIQ. / PATRI.;PSR;P/CAP. GIRO;P. AT CIR. LIQ.;LIQ. CORRENTE;ROE;ROA;ROIC;PATRIMONIO / ATIVOS;PASSIVOS / ATIVOS;GIRO ATIVOS;CAGR RECEITAS 5 ANOS;CAGR LUCROS 5 ANOS; LIQUIDEZ MEDIA DIARIA; VPA; LPA; PEG Ratio; VALOR DE MERCADO
AALR3;8,82;0,99;-10,16;0,89;0,41;16,36;-1,64;-11,44;-71,02;-111,13;-40,11;0,50;1,16;-32,60;-0,53;0,95;-8,73;-4,02;-1,55;0,46;0,53;0,35;22,24;;5.319.867,14;9,95;-0,87;0,03;1.043.342.637,12
ABCB4;15,66;3,17;10,74;0,81;0,08;1,96;-1,80;5,46;-32,58;-32,58;;;0,59;0,80;-0,09;3,23;7,51;0,74;;0,10;0,90;0,14;21,38;-3,68;14.505.894,81;19,41;1,46;-0,30;3.459.150.977,22
ABEV3;14,17;3,46;19,59;2,97;1,78;53,64;27,29;19,49;14,00;13,12;-0,88;-0,19;3,82;119,58;-2,48;1,06;15,14;9,09;17,72;0,60;0,40;0,47;4,56;-1,85;389.090.508,76;4,78;0,72;-5,76;222.966.621.564,05
ADHM3;1,56;;-4,09;-1,29;105,12;100,00;-13.548,48;-18.860,61;-5,69;-5,69;0,00;;770,90;-1,43;-116,16;0,00;-31,47;-2.571,90;22,61;-81,72;82,72;0,14;;;94.201,44;-1,21;-0,38;-0,58;25.439.770,20
AERI3;9,93;;67,21;7,87;3,21;11,13;9,30;5,13;37,03;39,26;2,23;0,47;3,44;10,49;-10,83;1,77;11,72;4,78;9,41;0,41;0,59;0,93;;;71.116.638,29;1,26;0,15;2,44;7.608.499.618,08
AFLT3;8,80;8,21;29,67;2,96;2,67;64,85;53,36;52,07;28,96;27,37;-1,59;-0,16;15,45;11,53;-3,64;7,91;9,98;9,00;9,27;0,90;0,10;0,17;5,56;8,17;13.743,39;2,97;0,30;-1,14;555.145.360,00
AGRO3;22,93;3,09;9,64;1,68;0,92;30,80;22,06;24,23;10,59;13,38;2,79;0,44;2,34;7,77;-1,34;1,61;17,40;9,55;9,06;0,55;0,45;0,39;13,49;-7,94;20.724.108,76;13,66;2,38;0,94;1.882.651.621,93
AHEB3;21,90;;-13,79;15,37;0,73;26,80;-6,37;-8,22;-17,79;-15,90;1,95;-1,69;1,13;-7,05;-0,85;0,58;-111,50;-5,27;-86,43;0,05;0,95;0,64;-10,10;;34.105,60;1,42;-1,59;0,18;187.804.965,30
AHEB5;20,01;;-12,60;14,05;0,66;26,80;-6,37;-8,22;-16,25;-15,90;1,95;-1,69;1,04;-6,44;-0,77;0,58;-111,50;-5,27;-86,43;0,05;0,95;0,64;-10,10;;4.500,00;1,42;-1,59;0,16;187.804.965,30
AHEB6;27,00;;-17,00;18,95;0,90;26,80;-6,37;-8,22;-21,93;-15,90;1,95;-1,69;1,40;-8,69;-1,04;0,58;-111,50;-5,27;-86,43;0,05;0,95;0,64;-10,10;;5.400,00;1,42;-1,59;0,22;187.804.965,30
ALPA3;30,45;;127,73;5,93;3,72;52,34;8,15;4,17;65,28;68,94;-1,64;-0,15;5,32;12,77;-8,39;2,10;4,64;2,91;8,16;0,63;0,37;0,70;-3,59;-13,58;303.300,38;5,13;0,24;-2,61;19.359.636.447,54
ALPA4;35,53;;149,03;6,92;4,34;52,34;8,15;4,17;76,18;68,94;-1,64;-0,15;6,21;14,90;-9,79;2,10;4,64;2,91;8,16;0,63;0,37;0,70;-3,59;-13,58;61.380.661,14;5,13;0,24;-3,05;19.359.636.447,54
ALPK3;7,29;;-8,75;2,03;0,41;29,41;3,23;-21,71;58,86;125,27;66,41;2,30;1,90;-3,38;-0,47;0,54;-23,24;-4,64;0,80;0,20;0,80;0,21;;;260.610,29;3,58;-0,83;;1.412.591.362,74
ALSO3;22,93;;22,93;0,93;0,56;67,80;52,25;28,78;12,63;9,93;-2,70;-0,20;6,60;4,26;-0,67;5,26;4,04;2,45;5,60;0,61;0,29;0,09;18,45;-27,08;33.060.065,71;24,77;1,00;0,02;6.094.169.799,54
ALUP11;23,40;2,95;11,45;1,25;0,33;46,15;44,80;11,73;3,00;5,80;2,81;1,17;1,34;3,22;-0,41;2,10;10,88;2,87;9,91;0,26;0,60;0,25;25,59;16,91;21.095.712,67;18,77;2,04;-0,55;6.857.067.898,20
ALUP3;7,90;2,91;11,60;1,26;0,33;46,15;44,80;11,73;3,04;5,80;2,81;1,17;1,36;3,26;-0,41;2,10;10,88;2,87;9,91;0,26;0,60;0,25;25,59;16,91;101.114,52;6,26;0,68;-0,56;6.857.067.898,20
ALUP4;7,64;3,01;11,22;1,22;0,32;46,15;44,80;11,73;2,94;5,80;2,81;1,17;1,32;3,16;-0,40;2,10;10,88;2,87;9,91;0,26;0,60;0,25;25,59;16,91;171.272,52;6,26;0,68;-0,54;6.857.067.898,20
AMAR3;5,16;;-4,44;1,32;0,45;39,75;-10,67;-13,41;-5,58;-9,70;-4,12;0,97;0,60;3,85;-0,89;1,31;-29,68;-10,11;-10,43;0,34;0,66;0,75;-2,93;;23.910.618,14;3,92;-1,16;0,00;1.350.200.373,24
AMBP3;22,70;;129,82;2,12;1,63;23,58;17,74;3,30;24,13;19,63;-4,50;-0,40;4,28;3,35;-3,82;6,57;1,63;1,26;6,31;0,77;0,21;0,38;;;6.598.971,14;10,71;0,17;;2.563.637.847,60
ANDG3B;28,82;;59,95;2,23;1,88;47,12;179,06;45,82;15,34;8,60;0,93;0,13;27,47;-25,32;-1,93;0,26;3,71;3,14;12,68;0,85;0,15;0,07;10,22;-23,32;;12,94;0,48;-0,78;1.651.867.985,68
ANDG4B;0,00;;0,00;0,00;0,00;47,12;179,06;45,82;0,00;8,60;0,93;0,13;0,00;0,00;0,00;0,26;3,71;3,14;12,68;0,85;0,15;0,07;10,22;-23,32;;12,94;0,48;0,00;1.651.867.985,68
ANIM3;8,34;;-92,71;2,03;0,91;49,49;8,30;-2,66;29,70;34,45;4,76;0,33;2,47;3,89;-1,41;2,96;-2,19;-0,98;3,71;0,45;0,55;0,37;11,24;;28.238.980,57;4,10;-0,09;0,02;3.368.265.833,70
APER3;42,03;0,13;4.730,49;2,69;1,64;100,00;-0,30;0,10;-1.571,69;-1.401,51;170,19;-0,29;4,79;13,31;-2,23;1,86;0,06;0,03;-0,44;0,61;0,39;0,34;-16,64;-31,12;3.793.303,14;15,60;0,01;-47,27;482.510.032,02
APTI3;197,64;;0,07;0,01;0,01;29,60;283,02;228,44;0,06;0,80;0,12;0,03;0,16;0,18;-0,01;1,32;17,82;10,76;17,28;0,60;0,40;0,05;-8,24;;;15.957,09;2.843,13;0,00;44.442.750,00
APTI4;3.500,00;;1,23;0,22;0,13;29,60;283,02;228,44;0,99;0,80;0,12;0,03;2,81;3,18;-0,16;1,32;17,82;10,76;17,28;0,60;0,40;0,05;-8,24;;;15.957,09;2.843,13;0,00;44.442.750,00
ARZZ3;70,90;0,75;233,97;10,13;3,95;46,48;5,19;2,14;96,31;96,05;-0,26;-0,03;5,00;13,44;-15,90;1,64;4,33;1,69;4,14;0,39;0,61;0,79;9,79;7,54;48.131.914,43;7,00;0,30;-2,95;7.063.867.252,60
ASAI3;71,30;;;13,57;1,02;;;;;;;3,05;;-51,16;-1,83;0,96;0,00;0,00;;0,07;0,93;0,00;;;459.502.982,33;5,25;0,00;;19.133.466.727,10
ATMP3;3,20;;-0,22;-1,05;0,05;-12,35;-26,96;-43,36;-0,35;-1,94;-1,59;;0,09;-0,18;-0,06;0,41;-485,09;-23,60;-75,21;-0,05;1,05;0,54;-21,09;;276.253,71;-3,06;-14,85;-0,01;78.943.776,00
ATOM3;3,70;;6,33;4,69;2,96;100,00;36,63;42,69;7,38;6,02;-1,37;-0,87;2,70;3,10;-715,98;23,47;74,12;46,67;58,21;0,63;0,37;1,09;;;622.481,86;0,79;0,58;0,01;77.326.277,80
AURA33;57,70;;2,89;0,68;0,40;41,37;29,34;24,52;2,42;1,88;-0,54;-0,15;0,71;2,22;-0,67;1,80;23,69;13,82;21,76;0,58;0,42;0,56;;;8.639.992,05;84,26;19,96;0,01;1.112.890.192,50
AVLL3;22,90;;-1,66;2,66;0,25;-45,93;-167,05;-157,56;-1,56;-4,31;-2,74;4,67;2,61;4,19;-0,38;1,20;-160,67;-14,98;-27,79;0,09;0,90;0,10;;;92.236,86;8,60;-13,82;;513.321.682,60
AZEV3;6,45;;-1,05;-0,49;2,07;1.622,59;3.562,68;5.901,50;-1,74;-1,63;-0,42;;;-0,65;-4,74;0,15;-46,24;-197,29;47,51;-4,27;5,27;-0,03;-64,98;;584.295,95;-13,30;-6,15;-0,02;88.902.000,00
AZEV4;3,51;;-0,57;-0,26;1,13;1.622,59;3.562,68;5.901,50;-0,95;-1,63;-0,42;;;-0,35;-2,58;0,15;-46,24;-197,29;47,51;-4,27;5,27;-0,03;-64,98;;979.452,95;-13,30;-6,15;-0,01;88.902.000,00
AZUL4;38,56;;-3,75;-3,50;3,49;-31,79;-48,57;-178,33;-13,76;-18,54;-4,75;;6,68;-6,71;-4,70;0,33;-93,39;-92,99;-85,25;-1,00;2,00;0,52;14,54;;255.773.374,38;-11,01;-10,29;0,00;48.655.318.736,25
B3SA3;56,59;3,77;30,76;4,67;2,57;96,89;62,80;47,79;23,40;21,85;-1,56;-0,31;14,70;15,42;-3,98;1,88;15,17;8,35;12,24;0,55;0,45;0,17;23,81;22,64;964.604.434,76;12,13;1,84;0,64;116.526.647.149,10
BAHI3;71,50;;-4,71;1,90;0,31;41,33;-8,01;-21,39;-12,57;-13,21;-0,65;0,10;1,01;-1,84;-0,35;0,41;-40,47;-6,54;-16,19;0,16;0,83;0,31;;;72.432,75;37,55;-15,20;-0,01;160.335.818,50
BALM3;17,30;6,82;10,75;1,49;0,77;49,74;7,04;10,47;15,98;14,53;0,40;0,04;1,13;2,28;-2,34;2,02;13,81;7,18;4,54;0,52;0,45;0,69;5,12;-19,47;9.478,25;11,65;1,61;0,02;149.940.000,00
BALM4;13,30;8,87;8,27;1,14;0,59;49,74;7,04;10,47;12,28;14,53;0,40;0,04;0,87;1,75;-1,80;2,02;13,81;7,18;4,54;0,52;0,45;0,69;5,12;-19,47;21.610,83;11,65;1,61;0,02;149.940.000,00
BAUH4;90,42;0,95;20,15;5,14;3,17;23,26;12,97;12,28;19,08;18,06;-1,02;-0,27;2,47;43,73;-5,57;1,20;25,52;15,74;19,16;0,62;0,38;1,28;10,90;33,53;205.402,93;17,59;4,49;-1,58;472.193.313,24
BAZA3;37,90;9,46;3,32;0,49;0,05;37,85;49,19;28,25;1,91;1,91;;;0,94;1,09;-0,06;;14,73;1,62;;0,11;0,89;0,06;6,35;8,48;56.921,76;77,52;11,42;0,04;1.123.582.149,30
BBAS3;28,99;5,08;6,64;0,71;0,05;17,25;7,58;10,28;9,01;9,01;;;0,68;0,49;-0,05;33,26;10,72;0,70;;0,07;0,93;0,07;-7,77;-4,56;782.928.077,62;40,74;4,37;-0,20;83.068.439.409,80
BBDC3;20,66;2,93;11,08;1,28;0,13;-2,98;0,53;20,72;433,08;457,81;;;2,29;1,06;-0,16;11,43;11,51;1,21;;0,10;0,90;0,06;-6,97;-1,93;154.510.987,90;16,20;1,87;-0,51;193.725.444.514,72
BBDC4;23,02;2,89;12,34;1,42;0,15;-2,98;0,53;20,72;482,55;457,81;;;2,56;1,18;-0,17;11,43;11,51;1,21;;0,10;0,90;0,06;-6,97;-1,93;1.136.516.545,52;16,20;1,87;-0,56;193.725.444.514,72
BBML3;3.936,42;0,00;10.149,39;1.237,44;207,67;10,89;3,83;1,82;4.832,01;4.837,53;5,52;1,41;184,96;-34.095,13;-366,43;0,99;12,19;2,05;6,16;0,17;0,83;1,12;;;;3,18;0,39;75,47;160.451.699.191,56
BBRK3;1,77;;-0,78;-3,33;0,68;62,65;-171,31;-175,32;-0,80;-0,58;0,22;;1,37;-5,99;-0,93;0,71;-426,12;-86,80;418,72;-0,20;1,20;0,50;-9,38;;1.083.723,14;-0,53;-2,27;-0,01;139.001.328,48
BBSE3;24,62;5,49;12,79;7,71;4,52;;;;10,30;10,30;;;;64,32;-6,76;1,27;60,27;35,33;;0,59;0,41;0,00;;-1,76;148.448.509,19;3,19;1,93;-0,30;49.240.000.000,00
BDLL3;27,51;;-0,27;-0,29;0,06;-60,25;-759,15;-662,22;-0,23;-1,43;-1,28;;1,76;-0,18;-0,10;0,51;-108,24;-24,25;-257,36;-0,22;1,22;0,04;-39,75;;2.751,00;-95,47;-103,34;0,00;27.863.013,84
BDLL4;11,24;;-0,11;-0,12;0,03;-60,25;-759,15;-662,22;-0,09;-1,43;-1,28;;0,72;-0,08;-0,04;0,51;-108,24;-24,25;-257,36;-0,22;1,22;0,04;-39,75;;40.825,19;-95,47;-103,34;0,00;27.863.013,84
BEEF3;9,61;3,13;7,58;6,29;0,31;19,76;9,24;3,59;2,94;5,83;2,89;6,17;0,27;1,08;-0,94;1,76;82,98;4,12;13,90;0,05;0,95;1,15;15,30;;93.155.712,90;1,53;1,27;0,00;5.281.800.918,80
BEES3;4,83;4,31;6,58;0,89;0,05;50,63;23,67;14,58;4,05;4,25;;;0,96;0,73;-0,05;;13,52;0,76;;0,06;0,94;0,05;-6,61;8,19;247.569,76;5,43;0,73;0,85;1.599.446.845,80
BEES4;5,70;3,65;7,77;1,05;0,06;50,63;23,67;14,58;4,78;4,25;;;1,13;0,86;-0,06;;13,52;0,76;;0,06;0,94;0,05;-6,61;8,19;18.122,24;5,43;0,73;1,01;1.599.446.845,80
BFRE11;0,00;;0,00;0,00;0,00;;;;0,00;;-16,03;-0,33;;0,00;0,00;13,21;4,60;4,40;-0,28;0,96;0,04;0,00;;-3,40;;256.545,33;11.800,56;0,00;
BFRE12;0,00;;0,00;0,00;0,00;;;;0,00;;-16,03;-0,33;;0,00;0,00;13,21;4,60;4,40;-0,28;0,96;0,04;0,00;;-3,40;;256.545,33;11.800,56;0,00;
BGIP3;41,44;2,39;11,66;1,30;0,09;71,66;12,77;8,57;7,83;6,31;;;1,00;-0,60;-0,19;0,77;11,14;0,80;;0,07;0,93;0,09;0,74;14,88;4.244,40;31,91;3,56;-0,33;510.827.707,80
BGIP4;25,40;4,29;7,14;0,80;0,06;71,66;12,77;8,57;4,80;6,31;;;0,61;-0,37;-0,12;0,77;11,14;0,80;;0,07;0,93;0,09;0,74;14,88;51.640,95;31,91;3,56;-0,20;510.827.707,80
BIDI11;167,29;0,10;-5.923,02;12,91;2,16;57,47;-9,54;-0,77;-479,90;-479,90;;;45,79;-23,21;-4,05;0,83;-0,22;-0,04;;0,17;0,83;0,05;14,14;;364.512.343,76;12,96;-0,03;54,28;42.627.981.554,02
BIDI3;56,06;0,10;-5.954,53;12,98;2,17;57,47;-9,54;-0,77;-482,45;-479,90;;;46,04;-23,34;-4,07;0,83;-0,22;-0,04;;0,17;0,83;0,05;14,14;;22.949.121,86;4,32;-0,01;54,57;42.627.981.554,02
BIDI4;55,33;0,10;-5.876,99;12,81;2,14;57,47;-9,54;-0,77;-476,17;-479,90;;;45,44;-23,03;-4,02;0,83;-0,22;-0,04;;0,17;0,83;0,05;14,14;;149.267.101,00;4,32;-0,01;53,86;42.627.981.554,02
BIOM3;14,84;;-17,23;9,25;2,89;26,49;-110,93;-132,84;-20,63;-23,26;-2,63;1,18;22,88;20,44;-4,25;1,78;-53,70;-16,75;-16,51;0,31;0,69;0,13;;;243.458,95;1,60;-0,86;-3,09;1.004.909.179,68
BKBR3;8,93;;-5,52;1,34;0,63;59,16;-17,30;-19,91;-6,35;-6,38;-0,03;0,01;1,10;4,43;-0,87;1,98;-24,24;-11,33;-15,04;0,47;0,53;0,57;18,70;;27.425.955,81;6,68;-1,62;0,01;2.458.924.141,71
BMEB3;17,99;4,31;6,24;0,95;0,09;66,23;10,12;6,76;4,17;4,02;;;0,42;0,44;-0,17;1,71;15,29;1,41;;0,09;0,91;0,21;-9,35;7,69;61.954,95;18,85;2,88;0,19;909.433.980,68
BMEB4;16,30;5,24;5,66;0,86;0,08;66,23;10,12;6,76;3,78;4,02;;;0,38;0,40;-0,15;1,71;15,29;1,41;;0,09;0,91;0,21;-9,35;7,69;302.528,43;18,85;2,88;0,17;909.433.980,68
BMGB4;4,69;3,81;7,02;0,68;0,11;72,00;3,27;10,15;21,78;21,78;;;0,71;;-0,11;;9,68;1,59;;0,16;0,84;0,16;;;9.399.859,29;6,91;0,67;0,18;2.774.015.550,39
BMIN3;23,10;6,06;45,42;0,89;0,54;81,20;37,26;21,89;26,68;26,50;;;9,94;11,51;-0,74;1,21;1,96;1,19;;0,61;0,39;0,05;-1,79;-9,57;34.675,21;25,93;0,51;4,46;110.680.962,70
BMIN4;22,00;12,73;43,26;0,85;0,51;81,20;37,26;21,89;25,41;26,50;;;9,47;10,96;-0,70;1,21;1,96;1,19;;0,61;0,39;0,05;-1,79;-9,57;70.780,83;25,93;0,51;4,24;110.680.962,70
BMKS3;225,00;2,70;24,98;0,56;0,50;28,71;3,39;19,72;145,34;-57,80;-203,14;-0,78;4,93;0,64;-2,52;30,55;2,23;1,98;-0,74;0,89;0,11;0,10;-13,82;-25,48;10.945,42;404,66;9,01;1,59;102.318.750,00
BMOB3;26,15;;57,48;15,30;5,22;57,95;42,06;28,92;39,53;37,76;-1,77;-0,68;16,62;14,98;-9,73;4,03;26,62;9,08;24,16;0,34;0,66;0,31;;;99.271.337,64;1,71;0,45;;2.377.272.755,80
BNBR3;67,50;3,99;5,72;0,94;0,09;57,57;40,13;25,83;3,68;3,68;;;1,48;1,74;-0,10;;16,51;1,65;;0,10;0,90;0,06;-9,48;27,23;30.289,11;71,46;11,80;-0,14;5.830.073.820,00
BOAS3;9,85;0,56;264,89;14,19;5,29;42,69;9,91;2,79;74,63;78,10;3,46;0,66;7,39;-32,53;-7,38;0,64;5,36;2,00;5,46;0,37;0,63;0,72;;;15.253.056,29;0,69;0,04;-3,77;4.729.338.221,00
BOBR3;0,00;;0,00;0,00;0,00;35,04;12,14;3,57;0,00;3,62;1,62;;0,00;0,00;0,00;0,58;-15,94;5,78;-913,16;-0,36;1,36;1,62;-1,67;;;-0,93;0,15;0,00;261.765.204,06
BOBR4;2,13;;14,43;-2,30;0,83;35,04;12,14;3,57;4,24;3,62;1,62;;0,52;-2,92;-1,39;0,58;-15,94;5,78;-913,16;-0,36;1,36;1,62;-1,67;;144.945,76;-0,93;0,15;-0,09;261.765.204,06
BPAC11;102,33;1,18;29,08;3,57;0,38;-7,36;7,72;24,86;93,59;93,59;;;7,23;-6,84;-0,98;0,92;12,29;1,30;;0,11;0,89;0,05;2,49;41,61;501.139.106,76;28,63;3,52;-2,31;95.372.934.837,66
BPAC3;45,16;0,89;38,50;4,73;0,50;-7,36;7,72;24,86;123,91;93,59;;;9,57;-9,05;-1,30;0,92;12,29;1,30;;0,11;0,89;0,05;2,49;41,61;264.175,43;9,54;1,17;-3,06;95.372.934.837,66
BPAC5;28,50;1,42;24,29;2,99;0,31;-7,36;7,72;24,86;78,20;93,59;;;6,04;-5,71;-0,82;0,92;12,29;1,30;;0,11;0,89;0,05;2,49;41,61;244.687,81;9,54;1,17;-1,93;95.372.934.837,66
BPAN4;13,87;1,49;25,50;3,14;0,43;61,65;9,35;6,84;18,64;18,64;;;1,74;-2,15;-0,73;0,67;12,33;1,68;;0,14;0,86;0,25;5,89;35,43;79.482.427,38;4,41;0,54;4,70;16.714.128.398,27
BPAR3;182,07;9,28;7,19;1,17;0,16;80,40;31,54;15,44;3,52;3,52;;;1,11;1,37;-0,19;;16,25;2,28;;0,14;0,86;0,15;3,12;3,40;;155,92;25,33;-0,28;1.733.606.633,43
BPAT33;44,05;;6,98;0,66;0,09;51,56;21,77;5,61;1,80;1,80;;;0,39;;-0,12;;9,46;1,35;;0,14;0,86;0,24;14,99;-24,79;;66,71;6,31;-0,11;1.533.769.021,00
BPHA3;0,62;;0,06;-0,24;0,99;98,02;1.029,99;13.896,67;0,80;1,66;0,85;;8,28;-0,38;-1,18;0,06;-402,50;1.669,02;-36,75;-4,15;5,15;0,12;-68,85;;;-2,58;10,40;0,00;70.110.298,74
BRAP3;56,00;3,25;25,88;1,62;1,58;;;;24,07;25,62;-0,91;-0,06;;31,61;-1,71;2,76;6,27;6,09;6,11;0,97;0,03;0,00;;;1.992.369,57;34,51;2,16;-0,42;21.482.014.616,72
BRAP4;64,82;3,09;29,95;1,88;1,82;;;;27,86;25,62;-0,91;-0,06;;36,59;-1,98;2,76;6,27;6,09;6,11;0,97;0,03;0,00;;;159.932.023,71;34,51;2,16;-0,49;21.482.014.616,72
BRDT3;19,00;4,89;25,95;2,30;0,80;5,67;1,66;1,05;16,43;20,34;3,57;0,50;0,27;2,97;-1,56;2,21;8,87;3,07;4,86;0,35;0,65;2,93;-0,73;14,51;260.122.974,67;8,25;0,73;-0,34;22.577.700.000,00
BRFS3;21,71;;12,75;2,00;0,36;24,00;7,21;3,51;6,20;11,29;5,10;1,65;0,45;2,36;-0,66;1,48;15,70;2,79;8,34;0,18;0,82;0,79;4,16;-14,99;211.241.681,48;10,85;1,70;0,03;17.638.794.170,66
BRGE11;9,80;3,71;17,56;0,40;0,24;-301,47;181,11;160,27;15,54;-15,88;-33,83;-0,87;28,14;0,56;-0,60;3,39;2,27;1,35;1,68;0,60;0,40;0,01;-1,53;-7,25;24.925,26;24,56;0,56;-0,97;833.582.020,40
BRGE12;6,13;;10,98;0,25;0,15;-301,47;181,11;160,27;9,72;-15,88;-33,83;-0,87;17,60;0,35;-0,38;3,39;2,27;1,35;1,68;0,60;0,40;0,01;-1,53;-7,25;10.543,71;24,56;0,56;-0,61;833.582.020,40
BRGE3;8,70;;15,59;0,35;0,21;-301,47;181,11;160,27;13,80;-15,88;-33,83;-0,87;24,99;0,50;-0,53;3,39;2,27;1,35;1,68;0,60;0,40;0,01;-1,53;-7,25;13.245,05;24,56;0,56;-0,86;833.582.020,40
BRGE5;14,50;2,09;25,98;0,59;0,35;-301,47;181,11;160,27;22,99;-15,88;-33,83;-0,87;41,64;0,83;-0,89;3,39;2,27;1,35;1,68;0,60;0,40;0,01;-1,53;-7,25;7.498,56;24,56;0,56;-1,44;833.582.020,40
BRGE6;16,50;4,41;29,57;0,67;0,40;-301,47;181,11;160,27;26,16;-15,88;-33,83;-0,87;47,39;0,94;-1,01;3,39;2,27;1,35;1,68;0,60;0,40;0,01;-1,53;-7,25;2.415,50;24,56;0,56;-1,64;833.582.020,40
BRGE7;5,40;7,86;9,68;0,22;0,13;-301,47;181,11;160,27;8,56;-15,88;-33,83;-0,87;15,51;0,31;-0,33;3,39;2,27;1,35;1,68;0,60;0,40;0,01;-1,53;-7,25;;24,56;0,56;-0,54;833.582.020,40
BRGE8;8,49;3,57;15,21;0,35;0,21;-301,47;181,11;160,27;13,46;-15,88;-33,83;-0,87;24,38;0,48;-0,52;3,39;2,27;1,35;1,68;0,60;0,40;0,01;-1,53;-7,25;16.552,81;24,56;0,56;-0,84;833.582.020,40
BRIV3;9,12;0,06;10,78;0,52;0,05;12,85;13,75;10,14;7,95;7,72;;;1,09;0,35;-0,06;99,82;4,81;0,46;;0,09;0,91;0,04;-14,49;-2,44;41.478,19;17,61;0,85;1,22;784.859.145,78
BRIV4;8,46;6,84;10,00;0,48;0,05;12,85;13,75;10,14;7,38;7,72;;;1,01;0,33;-0,05;99,82;4,81;0,46;;0,09;0,91;0,04;-14,49;-2,44;20.092,00;17,61;0,85;1,13;784.859.145,78
BRKM3;28,03;;-2,05;-5,01;0,26;14,82;-9,11;-20,77;-4,68;-11,07;-6,28;;0,43;2,25;-0,40;1,48;-244,01;-12,65;-24,84;-0,05;1,07;0,61;3,00;;711.636,81;-5,60;-13,67;0,00;22.857.449.923,58
BRKM5;29,51;;-2,16;-5,27;0,27;14,82;-9,11;-20,77;-4,93;-11,07;-6,28;;0,45;2,37;-0,43;1,48;-244,01;-12,65;-24,84;-0,05;1,07;0,61;3,00;;130.308.214,57;-5,60;-13,67;0,00;22.857.449.923,58
BRKM6;20,00;;-1,46;-3,57;0,19;14,82;-9,11;-20,77;-3,34;-11,07;-6,28;;0,30;1,60;-0,29;1,48;-244,01;-12,65;-24,84;-0,05;1,07;0,61;3,00;;11.331,29;-5,60;-13,67;0,00;22.857.449.923,58
BRML3;8,15;;-83,03;0,67;0,39;87,83;20,54;-8,61;34,81;46,89;12,08;0,23;7,15;8,29;-0,41;3,00;-0,81;-0,46;1,33;0,57;0,40;0,05;-1,04;18,24;153.439.150,05;12,08;-0,10;0,79;7.116.101.863,95
BRPR3;8,09;1,07;19,28;0,55;0,37;100,00;113,89;65,78;11,13;14,13;3,00;0,15;12,68;3,93;-0,43;3,57;2,83;1,94;2,54;0,68;0,32;0,03;-15,19;;24.480.435,29;14,81;0,42;-0,57;3.976.318.189,47
BRQB3;0,00;;0,00;0,00;0,00;32,79;13,39;8,23;0,00;-0,85;-0,85;-0,56;0,00;0,00;0,00;2,06;40,38;15,32;26,03;0,38;0,62;1,86;3,80;47,08;;0,79;0,32;0,00;0,00
BRSR3;13,56;4,84;7,62;0,66;0,06;63,68;11,43;8,84;5,90;5,60;;;0,67;1,39;-0,07;2,34;8,72;0,79;;0,09;0,91;0,09;-3,18;-3,74;160.500,05;20,40;1,78;-0,18;5.264.298.610,44
BRSR5;18,50;3,65;10,40;0,91;0,08;63,68;11,43;8,84;8,04;5,60;;;0,92;1,89;-0,09;2,34;8,72;0,79;;0,09;0,91;0,09;-3,18;-3,74;4.954,45;20,40;1,78;-0,24;5.264.298.610,44
BRSR6;12,18;5,39;6,85;0,60;0,05;63,68;11,43;8,84;5,30;5,60;;;0,61;1,25;-0,06;2,34;8,72;0,79;;0,09;0,91;0,09;-3,18;-3,74;25.398.218,81;20,40;1,78;-0,16;5.264.298.610,44
BSEV3;8,05;;-13,10;-8,11;0,61;20,68;14,14;-6,03;5,59;9,73;4,14;;0,79;-1,27;-1,04;0,46;-61,90;-4,66;22,54;-0,08;1,07;0,77;7,69;;2.130.670,10;-0,99;-0,61;0,68;8.214.456.879,30
BSLI3;64,99;3,80;52,48;34,80;0,95;75,23;26,67;18,74;36,88;34,19;;;9,83;-4,69;-1,18;0,49;66,32;1,81;;0,03;0,97;0,10;-2,43;29,66;160.269,35;1,87;1,24;6,75;21.878.362.035,00
BSLI4;44,29;6,13;35,76;23,72;0,65;75,23;26,67;18,74;25,13;34,19;;;6,70;-3,20;-0,80;0,49;66,32;1,81;;0,03;0,97;0,10;-2,43;29,66;200.759,82;1,87;1,24;4,60;21.878.362.035,00
BTOW3;76,15;;-243,32;4,47;2,24;29,11;2,11;-1,92;221,78;206,45;-15,33;-0,31;4,68;5,76;-6,36;2,49;-1,84;-0,92;0,94;0,50;0,50;0,48;-3,20;;349.898.893,57;17,02;-0,31;4,06;42.650.530.776,30
BTTL3;9,61;;13,52;7,48;0,88;19,02;5,50;2,65;6,51;7,66;1,15;1,32;0,36;16,00;-1,64;1,14;55,29;6,52;27,57;0,12;0,88;2,46;-11,43;;15.478,30;1,29;0,71;-0,04;142.810.058,48
BTTL4;11.091,73;;15.604,41;8.628,01;1.017,15;19,02;5,50;2,65;7.511,37;7,66;1,15;1,32;412,99;18.464,14;-1.888,71;1,14;55,29;6,52;27,57;0,12;0,88;2,46;-11,43;;;1,29;0,71;-46,34;142.810.058,48
CALI3;98,18;;18,80;11,06;0,29;18,39;12,73;6,47;9,55;12,74;6,31;7,31;1,22;0,97;-0,58;2,56;58,84;1,56;8,37;0,03;0,97;0,24;-7,97;-33,18;;8,87;5,22;-0,17;24.582.197,20
CALI4;50,00;;9,58;5,63;0,15;18,39;12,73;6,47;4,86;12,74;6,31;7,31;0,62;0,49;-0,30;2,56;58,84;1,56;8,37;0,03;0,97;0,24;-7,97;-33,18;9.554,00;8,87;5,22;-0,09;24.582.197,20
CAMB3;4,60;;8,80;2,00;0,69;45,00;10,13;14,06;12,21;16,33;4,12;0,67;1,24;-39,10;-1,10;0,95;22,69;7,82;3,90;0,34;0,66;0,56;-11,36;;300.165,86;2,30;0,52;0,99;193.660.368,00
CAMB4;6,25;;11,95;2,71;0,93;45,00;10,13;14,06;16,59;16,33;4,12;0,67;1,68;-53,12;-1,49;0,95;22,69;7,82;3,90;0,34;0,66;0,56;-11,36;;;2,30;0,52;1,34;193.660.368,00
CAML3;11,23;4,84;9,36;1,85;0,86;23,45;8,68;6,27;6,76;8,59;1,83;0,50;0,59;2,86;-1,97;2,17;19,73;9,23;13,28;0,47;0,53;1,47;7,98;17,95;15.213.343,48;6,08;1,20;0,24;4.155.100.000,00
CARD3;14,60;2,08;14,39;2,16;1,16;28,77;14,84;9,37;9,09;9,50;0,41;0,10;1,35;28,17;-1,73;1,15;15,01;8,09;12,59;0,54;0,46;0,86;1,77;18,99;2.547.898,48;6,76;1,01;0,24;610.280.000,00
CASH3;28,30;;181,58;88,74;53,78;26,36;26,36;19,77;136,17;135,37;-0,80;-0,52;35,89;108,39;-226,99;2,86;48,87;29,62;35,98;0,61;0,36;1,50;;;111.458.006,10;0,32;0,16;;3.578.053.900,00
CASN3;14,34;0,29;90,65;8,57;2,99;53,10;27,60;11,01;36,16;32,83;4,20;1,00;9,98;-806,75;-3,51;0,98;9,46;3,30;8,82;0,35;0,65;0,30;8,58;9,88;1.520,00;1,67;0,16;4,89;9.083.999.874,51
CASN4;8,37;0,54;52,91;5,00;1,75;53,10;27,60;11,01;21,11;32,83;4,20;1,00;5,83;-470,89;-2,05;0,98;9,46;3,30;8,82;0,35;0,65;0,30;8,58;9,88;1.100,00;1,67;0,16;2,86;9.083.999.874,51
CATA3;103,61;;0,89;0,12;0,06;13,06;-3,67;12,63;-3,06;-9,95;-6,92;0,27;0,11;0,30;-0,11;2,01;13,31;7,27;-3,04;0,55;0,46;0,58;-1,79;-8,60;;876,70;116,70;0,00;14.940.354,78
CATA4;0,00;;0,00;0,00;0,00;13,06;-3,67;12,63;0,00;-9,95;-6,92;0,27;0,00;0,00;0,00;2,01;13,31;7,27;-3,04;0,55;0,46;0,58;-1,79;-8,60;;876,70;116,70;0,00;14.940.354,78
CBEE3;15,00;2,65;51,09;0,70;0,21;12,79;5,04;0,79;7,97;20,45;12,48;1,09;0,40;10,00;-0,30;1,08;1,36;0,42;3,50;0,31;0,69;0,53;3,81;;8.833,18;21,55;0,29;-0,62;2.499.514.890,00
CCPR3;10,80;8,64;32,54;0,56;0,33;63,04;50,22;10,42;6,75;11,15;4,40;0,37;3,39;5,05;-0,38;2,57;1,72;1,03;4,79;0,60;0,40;0,10;4,82;19,63;7.187.749,43;19,26;0,33;0,60;1.648.560.006,00
CCRO3;11,03;4,37;33,84;2,79;0,63;35,83;25,41;6,59;8,77;14,27;5,50;1,74;2,23;26,84;-0,84;1,10;8,23;1,86;6,27;0,23;0,77;0,28;7,44;1,11;144.295.652,24;3,96;0,33;-3,12;22.280.600.000,00
CCXC3;1,16;;-0,46;-0,04;0,20;;;;-0,74;-0,72;0,02;;;-0,04;;0,16;-8,10;-43,41;4,96;-5,36;6,37;0,00;;;;-31,35;-2,54;0,00;1.973.425,64
CEAB3;10,64;;-10,24;1,29;0,48;47,62;-1,02;-7,89;-79,34;-117,07;-37,73;0,61;0,81;2,59;-0,89;1,69;-12,56;-4,73;-2,83;0,38;0,62;0,60;;;21.862.339,29;8,27;-1,04;0,03;3.279.727.523,52
CEBR3;132,00;1,26;22,44;2,24;0,52;12,64;6,12;3,13;11,46;12,32;-0,30;-0,06;0,70;2,69;-3,45;1,29;9,99;2,30;8,65;0,23;0,71;0,74;6,64;;241.290,89;58,88;5,88;-0,41;2.095.339.209,00
CEBR5;155,99;2,52;26,51;2,65;0,61;12,64;6,12;3,13;13,54;12,32;-0,30;-0,06;0,83;3,18;-4,08;1,29;9,99;2,30;8,65;0,23;0,71;0,74;6,64;;139.635,20;58,88;5,88;-0,48;2.095.339.209,00
CEBR6;158,60;1,16;26,96;2,69;0,62;12,64;6,12;3,13;13,77;12,32;-0,30;-0,06;0,84;3,23;-4,15;1,29;9,99;2,30;8,65;0,23;0,71;0,74;6,64;;290.329,33;58,88;5,88;-0,49;2.095.339.209,00
CEDO3;10,80;;-1,85;0,85;0,16;15,82;-2,18;-9,98;-8,45;-22,57;-16,06;1,62;0,18;-2,13;-0,26;0,84;-46,11;-8,71;-3,52;0,19;0,78;0,87;3,73;;25.148,38;12,68;-5,85;0,01;83.272.919,04
CEDO4;5,04;;-0,86;0,40;0,08;15,82;-2,18;-9,98;-3,94;-22,57;-16,06;1,62;0,09;-0,99;-0,12;0,84;-46,11;-8,71;-3,52;0,19;0,78;0,87;3,73;;54.909,48;12,68;-5,85;0,00;83.272.919,04
CEEB3;41,00;2,37;8,82;1,76;0,51;22,62;16,05;10,80;5,93;11,18;4,05;1,20;0,95;16,06;-0,64;1,19;19,95;5,83;11,29;0,29;0,71;0,54;10,93;29,39;24.138,67;23,31;4,65;0,42;12.912.677.614,04
CEEB5;44,17;2,20;9,50;1,90;0,55;22,62;16,05;10,80;6,39;11,18;4,05;1,20;1,03;17,30;-0,69;1,19;19,95;5,83;11,29;0,29;0,71;0,54;10,93;29,39;7.117,00;23,31;4,65;0,46;12.912.677.614,04
CEEB6;60,68;1,76;13,05;2,60;0,76;22,62;16,05;10,80;8,78;11,18;4,05;1,20;1,41;23,77;-0,95;1,19;19,95;5,83;11,29;0,29;0,71;0,54;10,93;29,39;;23,31;4,65;0,63;12.912.677.614,04
CEED3;50,00;;-0,32;-0,09;0,13;-1,01;-16,70;-44,49;-0,85;-2,48;-1,63;;0,14;-0,11;-0,16;0,17;-28,67;-39,36;13,70;-1,37;2,37;0,88;3,53;;11.649,40;-548,09;-157,15;-0,01;487.317.580,00
CEED4;70,00;;-0,45;-0,13;0,18;-1,01;-16,70;-44,49;-1,19;-2,48;-1,63;;0,20;-0,15;-0,23;0,17;-28,67;-39,36;13,70;-1,37;2,37;0,88;3,53;;7.000,00;-548,09;-157,15;-0,01;487.317.580,00
CEGR3;60,99;0,16;40,27;13,41;4,53;29,25;18,21;10,97;24,25;25,43;1,18;0,66;4,42;-75,30;-6,06;0,81;33,31;11,25;19,93;0,34;0,66;1,03;5,62;3,05;240.417,22;4,55;1,51;0,34;15.835.305.274,68
CEPE3;127,13;1,59;43,71;5,57;0,83;15,77;7,78;3,16;17,76;25,11;8,86;2,78;1,38;85,45;-1,11;1,04;12,75;1,90;6,53;0,15;0,85;0,60;8,76;62,59;92.909,67;22,81;2,91;2,22;8.677.521.241,59
CEPE5;29,90;6,75;10,28;1,31;0,20;15,77;7,78;3,16;4,18;25,11;8,86;2,78;0,33;20,10;-0,26;1,04;12,75;1,90;6,53;0,15;0,85;0,60;8,76;62,59;9.598,00;22,81;2,91;0,52;8.677.521.241,59
CEPE6;29,00;7,66;9,97;1,27;0,19;15,77;7,78;3,16;4,05;25,11;8,86;2,78;0,32;19,49;-0,25;1,04;12,75;1,90;6,53;0,15;0,85;0,60;8,76;62,59;4.200,00;22,81;2,91;0,51;8.677.521.241,59
CESP3;29,48;7,72;5,58;1,34;0,66;37,95;42,39;90,17;11,88;12,53;1,37;0,15;5,04;141,43;-0,72;1,06;23,99;11,88;-7,30;0,50;0,50;0,13;-8,26;;372.354,95;22,00;5,28;0,11;9.069.641.343,08
CESP5;38,65;9,51;7,32;1,76;0,87;37,95;42,39;90,17;15,57;12,53;1,37;0,15;6,60;185,43;-0,94;1,06;23,99;11,88;-7,30;0,50;0,50;0,13;-8,26;;29.910,63;22,00;5,28;0,15;9.069.641.343,08
CESP6;26,80;8,49;5,08;1,22;0,60;37,95;42,39;90,17;10,80;12,53;1,37;0,15;4,58;128,58;-0,65;1,06;23,99;11,88;-7,30;0,50;0,50;0,13;-8,26;;76.881.675,57;22,00;5,28;0,10;9.069.641.343,08
CGAS3;145,00;5,86;16,70;32,57;1,81;33,80;24,09;13,83;9,59;12,30;2,71;9,21;2,31;31,21;-3,01;1,17;195,00;10,84;18,79;0,06;0,94;0,78;4,74;10,49;20.136,91;4,45;8,68;-1,05;19.215.485.115,00
CGAS5;141,00;6,63;16,24;31,67;1,76;33,80;24,09;13,83;9,33;12,30;2,71;9,21;2,25;30,35;-2,92;1,17;195,00;10,84;18,79;0,06;0,94;0,78;4,74;10,49;548.370,19;4,45;8,68;-1,03;19.215.485.115,00
CGRA3;31,30;5,50;4,63;1,01;0,77;53,96;24,81;31,06;5,80;4,85;-0,94;-0,16;1,44;3,01;-1,27;2,82;21,75;16,61;13,56;0,76;0,24;0,53;3,42;16,83;66.985,76;31,09;6,76;0,03;630.738.954,36
CGRA4;31,31;5,49;4,63;1,01;0,77;53,96;24,81;31,06;5,80;4,85;-0,94;-0,16;1,44;3,01;-1,27;2,82;21,75;16,61;13,56;0,76;0,24;0,53;3,42;16,83;412.585,81;31,09;6,76;0,03;630.738.954,36
CIEL3;3,40;1,81;-18,91;0,66;0,10;27,85;-1,29;-4,37;-63,93;-99,91;-35,98;0,37;0,83;1,07;-0,57;1,13;-3,47;-0,53;-2,02;0,15;0,85;0,12;0,11;;187.419.621,76;5,17;-0,18;0,14;9.237.171.207,40
CLSC3;56,00;4,24;6,17;1,28;0,21;12,66;6,42;4,27;4,10;5,04;1,30;0,41;0,26;6,46;-0,32;1,10;20,70;3,36;10,21;0,16;0,84;0,79;4,99;-11,18;5.730,00;43,87;9,08;0,08;1.968.509.683,26
CLSC4;47,69;5,48;5,25;1,09;0,18;12,66;6,42;4,27;3,49;5,04;1,30;0,41;0,22;5,50;-0,28;1,10;20,70;3,36;10,21;0,16;0,84;0,79;4,99;-11,18;273.967,24;43,87;9,08;0,07;1.968.509.683,26
CMIG3;14,19;4,33;10,62;1,25;0,40;23,11;16,08;8,20;5,41;7,56;2,76;0,64;0,87;3,38;-0,57;1,70;11,73;3,81;10,48;0,32;0,68;0,46;5,38;-0,06;16.931.883,05;11,39;1,34;-0,24;19.104.280.213,15
CMIG4;11,77;5,22;8,81;1,03;0,34;23,11;16,08;8,20;4,49;7,56;2,76;0,64;0,72;2,81;-0,47;1,70;11,73;3,81;10,48;0,32;0,68;0,46;5,38;-0,06;135.410.186,86;11,39;1,34;-0,20;19.104.280.213,15
CMIN3;8,49;;11,78;4,48;2,42;60,26;45,70;29,23;7,53;7,27;-0,26;-0,16;3,44;23,75;-3,64;1,43;38,02;20,54;38,09;0,54;0,46;0,70;;;119.398.129,00;1,90;0,72;1,18;47.469.679.711,62
CMSA3;0,00;;0,00;0,00;0,00;;;;0,00;0,38;0,38;-0,89;;0,00;0,00;141,75;-233,87;-232,40;-237,47;0,99;0,01;0,00;;;;0,00;0,00;0,00;0,00
CMSA4;0,00;;0,00;0,00;0,00;;;;0,00;0,38;0,38;-0,89;;0,00;0,00;141,75;-233,87;-232,40;-237,47;0,99;0,01;0,00;;;;0,00;0,00;0,00;0,00
CNSY3;30,22;;-27,81;135,13;5,22;-7,98;-37,91;-48,05;-35,24;-39,58;-4,34;16,62;13,36;-20,45;-5,51;0,17;-485,95;-18,76;-22,50;0,04;0,96;0,39;19,24;;;0,22;-1,09;-0,01;935.885.083,86
CNTO3;21,97;;143,74;2,77;1,03;45,63;5,49;1,71;44,69;47,33;2,63;0,16;2,45;3,61;-2,01;2,42;1,92;0,72;2,88;0,37;0,63;0,42;;;39.166.552,10;7,94;0,15;-1,67;5.314.319.631,01
COCE3;51,24;4,14;15,04;1,23;0,43;12,67;6,70;4,52;10,14;13,39;5,67;0,69;0,68;-8,89;-0,57;0,84;8,21;2,83;5,07;0,34;0,66;0,63;7,29;-6,09;42.299,00;41,49;3,41;-0,44;3.034.024.821,42
COCE5;51,81;4,10;15,21;1,25;0,43;12,67;6,70;4,52;10,26;13,39;5,67;0,69;0,69;-8,99;-0,58;0,84;8,21;2,83;5,07;0,34;0,66;0,63;7,29;-6,09;1.710.637,10;41,49;3,41;-0,44;3.034.024.821,42
COCE6;19,17;11,08;5,63;0,46;0,16;12,67;6,70;4,52;3,79;13,39;5,67;0,69;0,25;-3,33;-0,22;0,84;8,21;2,83;5,07;0,34;0,66;0,63;7,29;-6,09;;41,49;3,41;-0,16;3.034.024.821,42
COGN3;3,67;;-3,52;0,40;0,19;59,44;-15,18;-31,59;-7,33;-14,95;-7,61;0,42;1,11;1,70;-0,25;1,94;-11,37;-5,42;-3,65;0,48;0,49;0,17;13,24;-24,68;200.007.418,38;9,16;-1,04;0,01;6.887.144.790,70
CORR3;2,71;;0,01;0,01;0,00;74,74;56,37;53,90;0,01;-0,07;-0,21;-0,35;0,00;0,00;-0,02;13,09;164,96;40,75;159,34;0,25;0,75;0,76;-33,38;;;240,27;396,36;0,00;1.278.894,65
CORR4;82,00;;0,21;0,34;0,08;74,74;56,37;53,90;0,20;-0,07;-0,21;-0,35;0,11;0,11;-0,49;13,09;164,96;40,75;159,34;0,25;0,75;0,76;-33,38;;8.200,00;240,27;396,36;0,00;1.278.894,65
CPFE3;29,04;6,20;9,51;2,30;0,66;22,58;16,55;11,87;6,82;9,28;2,46;0,83;1,13;11,37;-0,96;1,23;24,22;6,95;11,08;0,29;0,71;0,59;11,46;25,40;93.935.255,52;12,61;3,06;0,22;33.461.468.937,60
CPLE3;57,97;4,86;4,09;0,79;0,35;29,92;22,48;18,04;3,29;4,73;1,39;0,33;0,74;5,52;-0,45;1,40;19,32;8,60;10,59;0,45;0,55;0,48;3,14;9,08;11.442.974,29;73,29;14,16;0,03;16.126.195.650,55
CPLE5;134,06;4,10;9,47;1,83;0,81;29,92;22,48;18,04;7,60;4,73;1,39;0,33;1,71;12,77;-1,05;1,40;19,32;8,60;10,59;0,45;0,55;0,48;3,14;9,08;6.052,00;73,29;14,16;0,06;16.126.195.650,55
CPLE6;60,01;5,17;4,24;0,82;0,36;29,92;22,48;18,04;3,40;4,73;1,39;0,33;0,76;5,72;-0,47;1,40;19,32;8,60;10,59;0,45;0,55;0,48;3,14;9,08;85.671.658,19;73,29;14,16;0,03;16.126.195.650,55
CPRE3;18,23;;19,05;1,89;0,86;49,98;35,17;28,88;15,64;17,64;2,00;0,24;5,50;-91,82;-0,99;0,94;9,91;4,50;5,66;0,45;0,54;0,16;9,10;;5.456,00;9,66;0,96;0,04;10.824.655.047,92
CRDE3;20,12;;-15,19;0,40;0,37;80,97;3,49;-48,06;209,16;132,43;-76,73;-0,15;7,30;2,25;-0,46;4,89;-2,67;-2,41;-0,28;0,90;0,10;0,05;11,36;;57.838,87;49,69;-1,32;0,20;48.733.718,36
CREM3;14,50;;32,70;2,45;0,67;30,30;7,39;2,10;9,28;13,11;3,84;1,01;0,69;4,89;-1,69;1,29;7,50;2,05;9,29;0,27;0,73;0,98;1,09;;;5,91;0,44;22,14;465.122.474,00
CRFB3;18,79;1,32;13,97;2,19;0,72;19,55;6,33;3,75;8,28;8,31;0,02;0,01;0,52;53,83;-1,41;1,03;15,67;5,15;15,00;0,33;0,67;1,37;11,38;23,62;82.288.286,19;8,59;1,35;0,09;37.301.890.149,50
CRIV3;5,00;;9,46;0,51;0,06;68,16;12,20;8,81;6,83;7,62;;;0,83;0,63;-0,06;2,55;5,41;0,58;;0,11;0,89;0,07;-7,18;6,86;63.722,33;9,77;0,53;-0,39;574.391.267,45
CRIV4;6,35;6,84;12,01;0,65;0,07;68,16;12,20;8,81;8,68;7,62;;;1,06;0,80;-0,08;2,55;5,41;0,58;;0,11;0,89;0,07;-7,18;6,86;30.270,00;9,77;0,53;-0,49;574.391.267,45
CRPG3;44,20;2,00;10,62;1,90;1,38;31,56;20,87;20,28;10,32;9,07;-1,59;-0,29;2,15;2,01;-7,39;6,44;17,92;13,01;18,10;0,73;0,27;0,64;8,35;;29.156,83;23,24;4,16;-1,12;1.326.007.420,10
CRPG5;46,50;1,90;11,17;2,00;1,45;31,56;20,87;20,28;10,85;9,07;-1,59;-0,29;2,26;2,12;-7,77;6,44;17,92;13,01;18,10;0,73;0,27;0,64;8,35;;609.676,90;23,24;4,16;-1,17;1.326.007.420,10
CRPG6;44,99;1,96;10,81;1,94;1,41;31,56;20,87;20,28;10,50;9,07;-1,59;-0,29;2,19;2,05;-7,52;6,44;17,92;13,01;18,10;0,73;0,27;0,64;8,35;;101.966,79;23,24;4,16;-1,14;1.326.007.420,10
CSAB3;49,08;6,32;8,28;1,89;0,94;-432,32;-5.765,78;-5.795,29;8,32;8,54;;;;9,25;-1,15;2,24;22,90;11,33;;0,49;0,51;0,00;-27,17;-14,21;7.379,50;25,90;5,93;0,11;386.995.200,00
CSAB4;51,70;6,60;8,72;2,00;0,99;-432,32;-5.765,78;-5.795,29;8,76;8,54;;;;9,74;-1,21;2,24;22,90;11,33;;0,49;0,51;0,00;-27,17;-14,21;14.468,17;25,90;5,93;0,12;386.995.200,00
CSAN3;81,89;1,83;36,93;2,73;0,88;27,34;17,98;6,31;12,95;17,44;4,48;0,95;2,33;6,27;-1,29;1,78;7,40;2,38;8,04;0,32;0,68;0,38;10,10;0,61;218.929.363,24;29,95;2,22;-0,57;31.462.956.900,00
CSED3;11,97;;-219,25;11,19;1,24;45,08;9,49;-1,23;28,40;35,21;6,81;2,68;2,69;-32,73;-1,43;0,78;-5,10;-0,56;7,26;0,11;0,89;0,46;;;21.567.329,00;1,07;-0,05;;4.570.412.212,80
CSMG3;13,67;21,85;6,37;0,81;0,44;44,99;23,96;15,28;4,06;6,38;2,32;0,46;0,97;8,44;-0,53;1,44;12,65;6,94;9,69;0,55;0,45;0,45;6,86;;36.477.282,19;16,98;2,15;0,77;5.198.059.453,23
CSNA3;35,42;0,03;12,95;4,37;0,78;36,39;19,01;12,62;8,60;12,37;3,77;1,91;1,63;5,67;-1,24;1,59;33,72;6,02;10,94;0,18;0,82;0,48;14,52;;659.555.702,38;8,11;2,73;0,12;49.146.101.744,74
CSRN3;14,73;2,18;7,24;1,86;0,54;22,91;16,75;12,24;5,29;8,48;3,19;1,12;0,89;7,09;-0,69;1,52;25,73;7,41;13,09;0,29;0,71;0,61;9,71;12,94;10.640,18;7,91;2,03;0,29;2.474.580.598,17
CSRN5;15,00;2,35;7,37;1,90;0,55;22,91;16,75;12,24;5,39;8,48;3,19;1,12;0,90;7,22;-0,70;1,52;25,73;7,41;13,09;0,29;0,71;0,61;9,71;12,94;7.623,78;7,91;2,03;0,29;2.474.580.598,17
CSRN6;14,70;2,40;7,22;1,86;0,54;22,91;16,75;12,24;5,28;8,48;3,19;1,12;0,88;7,08;-0,69;1,52;25,73;7,41;13,09;0,29;0,71;0,61;9,71;12,94;11.712,80;7,91;2,03;0,29;2.474.580.598,17
CTCA3;0,00;;0,00;0,00;0,00;65,58;28,66;19,87;0,00;-1,35;-1,35;-0,20;0,00;0,00;0,00;2,86;10,41;7,84;7,86;0,75;0,25;0,39;26,66;30,12;;1,86;0,19;0,00;0,00
CTKA3;24,79;;1,14;-0,77;0,30;39,59;27,74;37,10;1,52;6,00;4,73;;0,42;1,30;-0,78;1,62;-67,24;26,65;20,91;-0,40;1,40;0,72;0,27;;18.939,24;-32,37;21,77;0,00;127.914.142,16
CTKA4;17,00;;0,78;-0,53;0,21;39,59;27,74;37,10;1,04;6,00;4,73;;0,29;0,89;-0,54;1,62;-67,24;26,65;20,91;-0,40;1,40;0,72;0,27;;51.910,10;-32,37;21,77;0,00;127.914.142,16
CTNM3;11,34;;-1,59;0,42;0,08;30,47;-1,66;-12,13;-11,61;-51,29;-43,22;1,55;0,19;2,75;-0,13;1,09;-26,15;-5,17;-3,60;0,20;0,64;0,43;-5,30;;6.692,94;27,26;-7,13;0,01;241.389.437,00
CTNM4;5,00;;-0,70;0,18;0,04;30,47;-1,66;-12,13;-5,12;-51,29;-43,22;1,55;0,09;1,21;-0,06;1,09;-26,15;-5,17;-3,60;0,20;0,64;0,43;-5,30;;113.271,52;27,26;-7,13;0,00;241.389.437,00
CTSA3;2,55;1,19;-17.738,30;0,99;0,45;18,14;4,42;0,00;14,26;25,31;11,06;0,77;0,63;14,23;-0,82;1,07;-0,01;0,00;2,79;0,45;0,55;0,71;2,57;61,71;226.189,14;2,56;0,00;177,34;283.812.781,50
CTSA4;1,79;1,70;-12.451,59;0,70;0,31;18,14;4,42;0,00;10,01;25,31;11,06;0,77;0,44;9,99;-0,57;1,07;-0,01;0,00;2,79;0,45;0,55;0,71;2,57;61,71;150.355,76;2,56;0,00;124,48;283.812.781,50
CTSA8;0,00;;0,00;0,00;0,00;18,14;4,42;0,00;0,00;25,31;11,06;0,77;0,00;0,00;0,00;1,07;-0,01;0,00;2,79;0,45;0,55;0,71;2,57;61,71;;2,56;0,00;0,00;283.812.781,50
CURY3;8,96;;15,07;5,69;1,46;35,84;19,91;12,73;9,64;8,52;-1,12;-0,66;1,92;3,61;-10,05;1,89;37,74;9,66;25,61;0,26;0,65;0,76;;;6.717.828,71;1,57;0,59;;2.615.200.788,48
CVCB3;14,98;;-1,77;-9,07;0,60;81,82;-155,58;-207,35;-2,36;-2,64;-0,28;;3,67;-2,51;-2,05;0,75;-512,04;-33,62;-93,72;-0,07;1,06;0,16;19,77;-20,22;105.231.655,62;-1,65;-8,45;0,00;3.013.635.324,84
CYRE3;23,70;7,67;5,75;1,51;0,83;32,48;54,65;41,20;4,33;4,59;0,25;0,09;2,37;2,64;-1,57;3,01;26,32;14,47;19,26;0,55;0,43;0,35;-7,54;-8,46;171.426.444,48;15,66;4,12;0,02;9.473.904.336,30
DASA3;158,00;0,18;-398,41;19,50;6,12;24,99;1,31;-3,24;984,78;1.029,26;44,49;0,88;12,91;59,10;-8,86;1,50;-4,89;-1,54;-0,26;0,31;0,69;0,47;10,10;9,52;252.365,19;8,10;-0,40;1,59;75.968.573.764,00
DIRR3;12,46;6,50;18,98;1,44;0,36;34,62;13,11;6,98;10,10;10,46;0,36;0,05;1,32;1,01;-0,68;4,44;7,58;1,92;6,05;0,25;0,72;0,28;-4,50;-12,25;16.284.727,81;8,66;0,66;1,68;1.911.348.412,54
DMMO3;0,79;;-0,59;-0,28;0,69;-13,98;-72,90;-111,20;-0,90;-0,68;0,22;;0,66;-0,89;-1,52;0,41;-47,51;-117,06;31,33;-2,46;3,46;1,05;-15,03;;8.098.696,71;-2,82;-1,34;0,07;243.279.436,66
DMVF3;10,13;;-1.723,12;0,63;0,34;14,74;8,05;0,29;-61,94;-49,95;11,99;-0,12;;2,55;-0,57;1,51;-0,04;-0,02;-1,01;0,55;0,45;-0,07;;;1.819.815,67;16,17;-0,01;;512.606.789,46
DOHL3;28,66;1,44;61,79;3,60;2,83;26,62;2,86;7,32;158,13;116,75;-4,76;-0,11;4,52;7,00;-5,53;5,83;5,82;4,58;-1,16;0,79;0,21;0,63;4,74;-5,49;25.305,36;7,97;0,46;0,28;1.665.876.172,95
DOHL4;4,95;9,18;10,67;0,62;0,49;26,62;2,86;7,32;27,31;116,75;-4,76;-0,11;0,78;1,21;-0,96;5,83;5,82;4,58;-1,16;0,79;0,21;0,63;4,74;-5,49;89.719,24;7,97;0,46;0,05;1.665.876.172,95
DTCY3;8,60;;-42,32;15,93;3,51;32,90;-3,27;-12,55;-162,25;-202,43;1,06;-0,10;5,31;-18,66;-4,85;0,59;-37,64;-8,30;-6,59;0,22;0,78;0,66;-1,40;;61.859,00;0,54;-0,20;-1,42;120.063.096,60
DTCY4;62,60;;-308,05;115,94;25,58;32,90;-3,27;-12,55;-1.181,03;-202,43;1,06;-0,10;38,66;-135,80;-35,30;0,59;-37,64;-8,30;-6,59;0,22;0,78;0,66;-1,40;;;0,54;-0,20;-10,35;120.063.096,60
DTEX3;18,60;4,03;28,35;2,48;1,12;31,50;11,43;7,72;19,15;21,35;2,20;0,28;2,19;7,12;-1,77;1,75;8,75;3,95;7,04;0,45;0,55;0,51;8,21;18,81;80.673.558,19;7,50;0,66;2,38;12.867.191.718,60
EALT3;16,25;0,34;17,42;2,04;0,83;24,31;10,30;8,21;13,88;11,05;2,76;0,40;1,43;12,56;-1,51;1,17;11,69;4,75;7,32;0,41;0,59;0,58;11,80;20,01;358.114,62;7,98;0,93;0,92;218.235.000,00
EALT4;4,69;1,28;5,03;0,59;0,24;24,31;10,30;8,21;4,01;11,05;2,76;0,40;0,41;3,63;-0,44;1,17;11,69;4,75;7,32;0,41;0,59;0,58;11,80;20,01;369.194,10;7,98;0,93;0,27;218.235.000,00
ECOR3;10,55;;20,83;8,58;0,48;39,47;32,03;6,97;4,53;9,95;5,42;10,25;1,45;28,84;-0,60;1,09;41,20;2,28;10,06;0,06;0,94;0,33;6,12;;40.756.193,24;1,23;0,51;-0,09;5.894.275.294,00
ECPR3;77,00;;-2,41;1,04;0,55;;;;-2,83;-2,78;0,02;-0,01;;94,03;-0,55;2,94;-43,42;-22,74;-37,09;0,52;0,48;0,00;;;7.733,00;73,72;-32,01;0,01;144.522.337,24
ECPR4;74,96;;-2,34;1,02;0,53;;;;-2,76;-2,78;0,02;-0,01;;91,54;-0,54;2,94;-43,42;-22,74;-37,09;0,52;0,48;0,00;;;10.030,67;73,72;-32,01;0,01;144.522.337,24
EEEL3;547,50;3,61;13,80;1,97;0,93;59,99;46,83;26,56;7,82;7,97;0,13;0,03;3,66;5,56;-1,28;2,63;14,25;6,77;16,60;0,48;0,52;0,25;10,14;;110.251,00;278,37;39,68;1,48;5.297.585.775,00
EEEL4;600,00;3,62;15,12;2,16;1,02;59,99;46,83;26,56;8,57;7,97;0,13;0,03;4,02;6,10;-1,40;2,63;14,25;6,77;16,60;0,48;0,52;0,25;10,14;;60.000,00;278,37;39,68;1,62;5.297.585.775,00
EGIE3;39,84;4,33;11,62;4,20;0,92;44,57;45,43;22,82;5,84;8,03;2,19;1,58;2,65;13,82;-1,18;1,44;36,13;7,95;19,10;0,22;0,78;0,35;13,49;13,25;81.806.893,52;9,49;3,43;0,55;32.506.561.161,60
EKTR3;38,99;1,63;12,76;2,53;0,81;19,42;13,90;8,66;7,95;9,48;3,24;1,03;1,11;74,07;-1,23;1,03;19,85;6,38;10,24;0,32;0,68;0,74;4,01;9,79;3.766,33;15,39;3,06;0,65;5.925.639.837,28
EKTR4;23,00;3,04;7,53;1,49;0,48;19,42;13,90;8,66;4,69;9,48;3,24;1,03;0,65;43,69;-0,73;1,03;19,85;6,38;10,24;0,32;0,68;0,74;4,01;9,79;42.051,93;15,39;3,06;0,38;5.925.639.837,28
ELEK3;19,11;;24,46;2,66;1,07;11,39;2,82;2,53;21,94;38,76;5,75;0,70;0,62;3,75;-2,60;1,94;10,87;4,36;4,38;0,40;0,60;1,72;1,48;;11.501,50;7,19;0,78;-0,35;905.051.916,30
ELEK4;36,99;;47,34;5,15;2,07;11,39;2,82;2,53;42,48;38,76;5,75;0,70;1,20;7,26;-5,02;1,94;10,87;4,36;4,38;0,40;0,60;1,72;1,48;;52.244,08;7,19;0,78;-0,68;905.051.916,30
ELET3;31,72;9,65;6,19;0,66;0,27;78,47;42,21;24,50;3,59;6,19;2,58;0,47;1,52;2,28;-0,37;1,88;10,60;4,43;9,96;0,42;0,58;0,18;-1,65;;343.426.418,57;48,35;5,13;-0,10;50.085.789.143,16
ELET5;71,23;6,14;13,89;1,47;0,62;78,47;42,21;24,50;8,07;6,19;2,58;0,47;3,40;5,12;-0,83;1,88;10,60;4,43;9,96;0,42;0,58;0,18;-1,65;;96.014,36;48,35;5,13;-0,22;50.085.789.143,16
ELET6;32,86;10,25;6,41;0,68;0,28;78,47;42,21;24,50;3,72;6,19;2,58;0,47;1,57;2,36;-0,38;1,88;10,60;4,43;9,96;0,42;0,58;0,18;-1,65;;181.483.892,43;48,35;5,13;-0,10;50.085.789.143,16
ELMD3;15,48;;-52,41;31,84;7,22;43,26;-14,19;-14,95;-55,18;-56,72;-2,04;1,17;7,83;260,69;-11,38;1,08;-60,75;-13,78;-32,90;0,23;0,76;0,92;;;23.195.919,09;0,49;-0,30;;2.079.035.292,88
ELPL3;8,41;;1,69;0,62;0,05;13,07;13,07;6,33;0,82;2,52;1,70;1,27;0,11;-2,61;-0,07;0,92;36,34;3,24;19,30;0,09;0,91;0,51;2,54;57,52;;13,67;4,97;0,06;1.660.696.309,42
EMAE3;25,35;27,50;8,35;0,88;0,57;18,64;7,71;25,53;27,68;30,55;-12,74;-0,41;2,13;1,54;-1,01;6,10;10,58;6,79;-0,49;0,64;0,36;0,27;23,78;;;28,68;3,03;-11,04;1.464.849.286,90
EMAE4;49,10;15,62;16,18;1,71;1,10;18,64;7,71;25,53;53,61;30,55;-12,74;-0,41;4,13;2,99;-1,96;6,10;10,58;6,79;-0,49;0,64;0,36;0,27;23,78;;397.856,71;28,68;3,03;-21,38;1.464.849.286,90
EMBR3;12,43;;-2,06;0,58;0,15;10,48;-18,90;-35,02;-3,81;-9,33;-5,52;0,84;0,72;0,45;-0,37;2,29;-28,33;-7,31;-7,44;0,26;0,73;0,21;-6,86;;207.165.095,52;21,34;-6,05;0,00;9.203.980.496,92
ENAT3;14,81;7,72;11,37;1,34;0,86;33,40;33,74;29,77;10,03;6,16;-3,87;-0,52;3,39;2,69;-1,53;3,72;11,79;7,56;9,01;0,64;0,36;0,25;17,18;2,03;33.236.496,95;11,04;1,30;0,25;3.936.600.263,05
ENBR3;17,90;2,60;7,20;0,97;0,36;24,10;18,78;10,06;3,86;6,05;2,18;0,55;0,73;-18,41;-0,48;0,93;13,40;4,98;10,67;0,37;0,63;0,49;7,87;4,03;55.234.987,71;18,55;2,49;0,57;10.862.622.052,60
ENEV3;66,57;;30,67;2,89;1,34;43,07;32,81;21,92;20,49;25,07;4,58;0,65;6,72;11,44;-1,70;2,19;9,43;4,36;7,02;0,46;0,54;0,20;11,78;;150.542.841,24;23,01;2,17;-11,82;21.054.327.161,28
ENGI11;43,40;0,65;9,44;2,30;0,36;17,34;13,33;8,58;6,07;11,54;5,47;2,07;0,81;12,44;-0,50;1,12;24,33;3,85;8,01;0,16;0,82;0,45;19,08;11,59;76.690.093,48;18,89;4,60;0,09;15.750.397.378,80
ENGI3;15,22;0,37;16,56;4,03;0,64;17,34;13,33;8,58;10,65;11,54;5,47;2,07;1,42;21,82;-0,88;1,12;24,33;3,85;8,01;0,16;0,82;0,45;19,08;11,59;379.611,90;3,78;0,92;0,15;15.750.397.378,80
ENGI4;6,98;0,80;7,59;1,85;0,29;17,34;13,33;8,58;4,88;11,54;5,47;2,07;0,65;10,01;-0,40;1,12;24,33;3,85;8,01;0,16;0,82;0,45;19,08;11,59;417.522,81;3,78;0,92;0,07;15.750.397.378,80
ENJU3;14,09;;-102,77;37,80;25.199,00;35,24;-29,96;-32,64;-111,94;-108,73;3,20;-1,08;33,54;48,18;-130,16;2,85;-36,79;-24.520,85;-31,42;666,56;333,44;751,28;;;48.567.465,48;0,37;-0,14;;2.754.149.502,38
ENMA3B;50,49;0,61;12,60;2,57;1,06;33,06;21,05;17,17;10,28;;0,81;0,20;2,16;5,98;-1,87;1,70;20,37;8,41;11,86;0,41;0,59;0,49;8,84;14,09;;19,67;4,01;-0,87;
ENMA6B;83,99;1,58;20,96;4,27;1,76;33,06;21,05;17,17;17,10;;0,81;0,20;3,60;9,95;-3,11;1,70;20,37;8,41;11,86;0,41;0,59;0,49;8,84;14,09;;19,67;4,01;-1,45;
ENMT3;29,84;;11,26;2,48;0,72;21,11;16,41;12,10;8,30;12,56;3,51;1,05;1,36;5,71;-1,13;1,53;22,05;6,39;9,81;0,29;0,71;0,53;13,13;41,49;26.904,45;12,02;2,65;1,19;7.129.822.066,16
ENMT4;34,00;1,67;12,83;2,83;0,82;21,11;16,41;12,10;9,45;12,56;3,51;1,05;1,55;6,50;-1,29;1,53;22,05;6,39;9,81;0,29;0,71;0,53;13,13;41,49;36.349,20;12,02;2,65;1,36;7.129.822.066,16
EQPA3;3,27;8,56;10,63;1,99;0,58;31,72;19,58;12,00;6,51;8,08;1,56;0,48;1,28;2,37;-0,97;2,50;18,71;5,44;11,05;0,29;0,71;0,45;7,01;6,33;118.531,38;1,64;0,31;0,45;7.230.931.106,83
EQPA5;4,90;5,10;15,93;2,98;0,87;31,72;19,58;12,00;9,76;8,08;1,56;0,48;1,91;3,55;-1,46;2,50;18,71;5,44;11,05;0,29;0,71;0,45;7,01;6,33;2.206,75;1,64;0,31;0,68;7.230.931.106,83
EQPA6;10,48;2,67;34,07;6,37;1,85;31,72;19,58;12,00;20,87;8,08;1,56;0,48;4,09;7,60;-3,12;2,50;18,71;5,44;11,05;0,29;0,71;0,45;7,01;6,33;1.068,00;1,64;0,31;1,46;7.230.931.106,83
EQPA7;5,00;5,60;16,25;3,04;0,88;31,72;19,58;12,00;9,96;8,08;1,56;0,48;1,95;3,63;-1,49;2,50;18,71;5,44;11,05;0,29;0,71;0,45;7,01;6,33;3.047,20;1,64;0,31;0,69;7.230.931.106,83
EQTL3;20,24;1,58;7,09;2,10;0,49;34,57;27,08;15,96;4,18;6,27;2,09;1,05;1,13;3,49;-0,72;1,77;29,69;6,85;13,46;0,23;0,72;0,43;22,53;28,32;207.296.679,48;9,62;2,86;0,08;20.452.744.360,40
ESPA3;17,88;;-61,11;20,29;3,15;40,30;-1,57;-15,47;-603,83;-647,92;-44,09;1,48;9,45;53,48;-6,67;1,13;-33,21;-5,16;-4,02;0,16;0,84;0,33;;;70.451.642,19;0,88;-0,29;;4.366.931.920,08
ESTR3;17,80;;-0,61;-0,03;0,06;47,63;11,87;-22,10;1,14;6,00;4,51;;0,14;-0,03;-0,12;0,21;-4,82;-9,56;-2,96;-1,98;2,98;0,43;-11,86;;;-601,37;-29,00;0,02;18.807.610,00
ESTR4;26,00;;-0,90;-0,04;0,09;47,63;11,87;-22,10;1,67;6,00;4,51;;0,20;-0,04;-0,18;0,21;-4,82;-9,56;-2,96;-1,98;2,98;0,43;-11,86;;49.017,50;-601,37;-29,00;0,02;18.807.610,00
ETER3;14,14;;16,45;3,40;0,98;26,24;15,49;7,73;8,21;8,04;-0,17;-0,07;1,27;2,76;-2,82;2,20;20,65;5,96;18,19;0,29;0,71;0,77;-12,96;;18.743.447,29;4,16;0,86;-0,11;730.692.347,70
EUCA3;19,90;1,01;19,86;1,28;0,70;31,25;13,99;5,57;7,90;6,45;1,89;0,31;1,11;86,53;-1,02;1,03;6,44;3,50;7,77;0,54;0,46;0,63;6,48;19,12;43.006,52;15,57;1,00;0,62;1.063.217.817,64
EUCA4;7,19;3,07;7,18;0,46;0,25;31,25;13,99;5,57;2,86;6,45;1,89;0,31;0,40;31,26;-0,37;1,03;6,44;3,50;7,77;0,54;0,46;0,63;6,48;19,12;659.666,76;15,57;1,00;0,22;1.063.217.817,64
EVEN3;9,99;1,44;15,74;1,15;0,38;25,89;10,45;7,93;11,95;9,77;-2,18;-0,21;1,25;0,79;-1,55;2,73;7,31;2,42;4,14;0,33;0,54;0,30;-2,81;-12,22;17.890.344,24;8,68;0,63;0,00;2.117.880.000,00
EZTC3;30,78;0,96;18,72;1,73;1,54;42,82;28,52;37,96;24,92;20,32;-4,61;-0,32;7,11;3,57;-3,14;6,75;9,27;8,25;6,38;0,89;0,10;0,22;-3,30;-9,33;100.384.411,43;17,74;1,64;0,26;6.987.060.000,00
FBMC3;0,00;;0,00;0,00;0,00;-60,76;-92,67;-101,97;0,00;-0,74;-0,67;;0,00;0,00;0,00;0,31;-24,19;-36,57;25,82;-1,51;2,51;0,36;-18,14;;;-87,48;-21,16;0,00;904.253,84
FBMC4;1,96;;-0,09;-0,02;0,03;-60,76;-92,67;-101,97;-0,10;-0,74;-0,67;;0,09;-0,04;-0,05;0,31;-24,19;-36,57;25,82;-1,51;2,51;0,36;-18,14;;;-87,48;-21,16;0,00;904.253,84
FESA3;33,00;2,56;41,77;1,69;1,01;27,37;17,19;4,30;10,45;10,06;0,97;0,16;1,80;8,02;-1,44;1,73;4,06;2,41;12,02;0,60;0,40;0,56;11,62;-16,62;26.157,12;19,48;0,79;-0,61;2.537.728.000,00
FESA4;26,60;3,49;33,67;1,37;0,81;27,37;17,19;4,30;8,42;10,06;0,97;0,16;1,45;6,47;-1,16;1,73;4,06;2,41;12,02;0,60;0,40;0,56;11,62;-16,62;9.330.600,86;19,48;0,79;-0,49;2.537.728.000,00
FHER3;6,98;;0,57;-1,83;0,20;12,57;0,70;34,79;28,43;50,52;22,09;;0,20;2,04;-0,43;1,23;-319,27;35,52;-192,42;-0,11;1,11;1,02;-27,63;141,43;4.442.959,43;-3,81;12,16;0,00;375.923.842,32
FIGE3;0,00;;0,00;0,00;0,00;100,00;88,45;55,08;0,00;-14,58;-14,58;-0,34;0,00;0,00;0,00;595,64;1,47;1,47;1,47;1,00;0,00;0,03;;-24,90;;97,75;1,44;0,00;0,00
FIGE4;0,00;;0,00;0,00;0,00;100,00;88,45;55,08;0,00;-14,58;-14,58;-0,34;0,00;0,00;0,00;595,64;1,47;1,47;1,47;1,00;0,00;0,03;;-24,90;;97,75;1,44;0,00;0,00
FLEX3;0,00;;0,00;0,00;0,00;30,08;-0,38;-5,13;0,00;-71,90;-71,90;3,84;0,00;0,00;0,00;1,07;-72,08;-5,47;-6,40;0,08;0,92;1,07;24,52;;;10,74;-7,74;0,00;0,00
FLRY3;25,20;2,89;31,12;4,57;1,45;27,25;16,11;8,65;16,71;18,51;1,80;0,49;2,69;10,38;-2,20;1,69;14,68;4,65;10,81;0,32;0,68;0,54;9,42;19,07;51.743.750,62;5,52;0,81;-1,76;7.997.625.795,60
FNCN3;0,00;;0,00;0,00;0,00;95,09;-344,67;-344,50;0,00;0,00;;;0,00;0,00;0,00;26,37;-17,66;-16,85;;0,95;0,05;0,05;-22,05;;;12,62;-2,23;0,00;0,00
FRAS3;12,04;1,45;46,06;2,95;0,95;28,15;10,20;3,93;17,75;21,48;3,72;0,62;1,81;4,47;-1,79;1,82;6,41;2,06;4,68;0,32;0,67;0,52;12,30;-6,17;3.313.238,81;4,07;0,26;-12,81;2.619.498.769,72
FRIO3;72,00;;-2,13;-3,98;0,17;17,81;7,99;-9,69;2,58;9,73;7,15;;0,21;-13,00;-0,60;0,98;-186,84;-8,17;5,93;-0,04;1,00;0,84;10,93;;208.509,00;-18,11;-33,84;0,00;295.686.288,00
FRTA3;5,05;;3,47;-0,16;0,29;39,16;-13,42;26,16;-6,76;-47,45;-40,69;;0,91;-0,13;-0,35;0,06;-4,49;8,48;59,38;-1,89;2,89;0,32;-29,82;;83.312,81;-32,42;1,46;0,05;10.105.585,30
FTRT3B;0,00;;0,00;0,00;0,00;;;;0,00;0,00;0,00;0,00;;0,00;0,00;0,00;-0,95;-0,90;-2,42;0,95;0,05;0,00;;;;0,01;0,00;0,00;0,00
GBIO33;10,40;;-14,97;1,32;0,79;43,48;3,79;-10,14;40,09;47,57;7,48;0,25;1,52;7,57;-1,43;1,31;-8,83;-5,29;-0,10;0,60;0,40;0,52;12,83;-38,45;5.159.958,21;7,86;-0,69;0,06;1.108.871.982,40
GEPA3;38,70;6,73;15,13;2,06;0,85;42,25;38,02;16,39;6,52;6,34;0,01;0,00;2,48;-7,66;-1,20;0,72;13,64;5,61;16,92;0,41;0,59;0,34;2,48;-2,91;53.017,08;18,76;2,56;-0,50;3.546.914.109,48
GEPA4;36,99;7,05;14,46;1,97;0,81;42,25;38,02;16,39;6,23;6,34;0,01;0,00;2,37;-7,32;-1,14;0,72;13,64;5,61;16,92;0,41;0,59;0,34;2,48;-2,91;90.752,00;18,76;2,56;-0,48;3.546.914.109,48
GFSA3;4,44;;-22,82;0,88;0,39;24,71;-8,61;-13,92;-36,87;-40,04;-3,17;0,08;3,18;1,11;-1,67;1,84;-3,87;-1,70;-3,06;0,44;0,56;0,12;-24,01;;88.784.417,24;5,02;-0,19;0,27;1.335.001.888,44
GGBR3;21,91;1,32;15,93;1,21;0,60;13,54;11,86;5,40;7,25;10,26;1,90;0,32;0,86;3,16;-0,95;2,04;7,61;3,75;8,41;0,49;0,51;0,69;0,11;;3.393.506,10;18,08;1,38;0,16;43.442.259.892,83
GGBR4;26,94;1,08;19,58;1,49;0,73;13,54;11,86;5,40;8,92;10,26;1,90;0,32;1,06;3,88;-1,17;2,04;7,61;3,75;8,41;0,49;0,51;0,69;0,11;;407.018.119,76;18,08;1,38;0,20;43.442.259.892,83
GMAT3;7,87;;27,71;6,99;3,02;24,95;7,51;5,96;21,98;23,28;1,30;0,41;1,65;7,23;-9,87;2,51;25,22;10,89;17,70;0,43;0,56;1,83;;;22.492.932,10;1,13;0,28;;17.387.553.641,73
GNDI3;87,00;0,19;65,31;7,47;3,34;29,92;13,48;7,99;38,72;38,60;-0,13;-0,02;5,22;30,72;-4,81;1,56;11,43;5,12;8,75;0,45;0,55;0,64;;;410.173.102,00;11,65;1,33;0,68;53.051.513.109,00
GOAU3;10,20;1,57;20,97;0,34;0,17;9,93;8,06;1,33;3,47;6,50;2,63;0,26;0,28;0,82;-0,28;2,16;1,62;0,82;5,13;0,50;0,50;0,61;-1,40;1,60;609.142,29;30,01;0,49;5,06;12.411.382.246,29
GOAU4;12,03;1,33;24,73;0,40;0,20;9,93;8,06;1,33;4,09;6,50;2,63;0,26;0,33;0,97;-0,33;2,16;1,62;0,82;5,13;0,50;0,50;0,61;-1,40;1,60;159.984.174,48;30,01;0,49;5,97;12.411.382.246,29
GOLL4;20,50;;-17,83;-4,36;5,02;26,49;-3,96;-40,78;-183,57;-210,36;-26,78;;7,27;-7,06;-6,48;0,24;-24,44;-28,13;12,46;-1,15;2,10;0,69;6,61;;154.733.945,90;-4,70;-1,15;-0,01;64.322.992.823,50
GPAR3;22,18;;15,69;1,52;1,13;53,78;71,27;51,40;11,31;10,79;-0,52;-0,07;8,06;5,07;-1,64;3,53;9,68;7,19;8,24;0,74;0,26;0,14;32,73;;167.172,17;14,61;1,41;0,19;1.728.452.621,76
GPCP3;20,10;1,53;6,41;2,29;0,74;21,01;14,40;10,73;4,78;5,54;0,69;0,33;0,69;4,61;-1,28;1,63;35,71;11,58;27,32;0,32;0,62;1,08;16,77;;2.197.260,71;8,78;3,13;0,03;639.317.966,00
GPCP4;25,00;6,24;7,98;2,85;0,92;21,01;14,40;10,73;5,94;5,54;0,69;0,33;0,86;5,73;-1,59;1,63;35,71;11,58;27,32;0,32;0,62;1,08;16,77;;10.064,14;8,78;3,13;0,03;639.317.966,00
GPIV33;3,70;;-0,69;0,21;0,09;100,00;133,67;57,35;-0,29;0,54;0,83;-0,59;;0,37;-0,14;5,44;-30,44;-13,70;-40,29;0,45;0,25;-0,24;17,48;110,83;488.280,14;17,70;-5,39;0,00;276.262.749,60
GRND3;7,15;2,35;21,06;1,76;1,60;46,18;13,38;17,75;27,95;22,16;-5,78;-0,36;3,74;2,71;-4,70;9,74;8,35;7,61;5,70;0,91;0,09;0,43;-1,50;0,40;11.005.592,76;4,07;0,34;-0,49;6.450.444.000,00
GSHP3;46,00;;-0,16;-0,15;0,05;66,62;20,78;-575,66;4,56;87,04;82,48;;0,95;2,30;-0,06;1,12;-92,07;-31,18;-3,71;-0,34;1,34;0,05;-11,13;;46.645,40;-303,62;-279,55;0,00;88.723.374,00
GUAR3;11,79;3,44;129,72;1,21;0,45;55,84;0,51;0,70;178,10;213,35;35,25;0,24;0,91;2,36;-1,12;1,47;0,93;0,35;-1,16;0,37;0,63;0,49;10,55;4,30;11.374.197,14;9,73;0,09;-1,35;5.885.568.000,00
HAGA3;2,92;;7,18;-0,46;0,59;27,28;24,51;19,14;5,61;4,84;0,62;;1,37;1,64;-3,42;1,76;-6,34;8,16;-15,99;-1,29;2,29;0,43;-8,09;-12,85;31.175,05;-6,42;0,41;0,04;26.180.000,36
HAGA4;1,84;;4,52;-0,29;0,37;27,28;24,51;19,14;3,53;4,84;0,62;;0,87;1,03;-2,16;1,76;-6,34;8,16;-15,99;-1,29;2,29;0,43;-8,09;-12,85;87.742,05;-6,42;0,41;0,03;26.180.000,36
HAPV3;16,15;0,36;66,59;7,65;4,56;40,49;16,85;11,17;44,15;43,91;-0,37;-0,06;7,44;38,84;-6,17;1,82;11,49;6,85;10,46;0,60;0,40;0,61;;;172.218.122,48;2,11;0,24;22,43;60.181.858.386,00
HBOR3;7,97;;-40,10;0,86;0,24;13,69;0,83;-2,20;105,50;199,81;94,31;0,76;0,88;0,46;-0,91;3,38;-2,13;-0,59;-0,48;0,28;0,64;0,27;-4,23;;20.231.034,33;9,32;-0,20;0,45;1.066.793.043,84
HBRE3;18,90;;9,32;1,75;0,81;87,25;477,57;270,19;5,27;7,23;1,96;0,65;25,18;-35,53;-0,85;0,64;18,78;8,73;15,89;0,46;0,42;0,03;;;;10,80;2,03;;1.950.271.740,90
HBSA3;6,13;;-30,00;3,20;0,80;21,29;12,97;-11,72;27,11;44,38;17,27;2,04;3,52;4,02;-1,09;4,03;-10,68;-2,67;2,19;0,25;0,75;0,23;65,55;;20.559.031,38;1,91;-0,20;0,12;4.661.145.601,59
HBTS5;30,00;0,16;-19,02;0,93;0,21;71,38;-21,78;-20,65;-18,03;-26,14;-8,11;0,42;3,93;-1,78;-0,24;0,54;-4,89;-1,10;-5,18;0,22;0,78;0,05;;;24.633,17;32,25;-1,58;0,25;274.010.610,00
HETA3;4,01;;4,90;-0,01;0,19;100,00;80,19;32,53;1,99;319,18;315,74;;1,60;-0,05;-0,20;0,02;-0,11;3,89;-1,70;-35,72;36,72;0,12;-21,42;-46,73;;-750,28;0,82;-0,05;3.535.820,39
HETA4;8,41;;10,29;-0,01;0,40;100,00;80,19;32,53;4,17;319,18;315,74;;3,35;-0,11;-0,43;0,02;-0,11;3,89;-1,70;-35,72;36,72;0,12;-21,42;-46,73;28.249,40;-750,28;0,82;-0,11;3.535.820,39
HGTX3;14,73;2,99;6,83;1,48;1,07;39,02;8,76;32,60;25,40;22,95;-2,45;-0,14;2,23;2,98;-2,75;2,42;21,69;15,63;1,64;0,72;0,28;0,48;-1,59;-7,61;34.816.152,76;9,94;2,16;0,16;2.394.124.892,01
HOOT3;0,00;;0,00;0,00;0,00;54,47;-284,86;-318,57;0,00;-0,11;0,02;;0,00;0,00;0,00;0,05;-40,98;-36,82;35,21;-0,90;1,95;0,12;-11,72;;;-22,84;-9,36;0,00;20.130.959,70
HOOT4;2,55;;-0,27;-0,11;0,10;54,47;-284,86;-318,57;-0,30;-0,11;0,02;;0,87;-0,08;-0,11;0,05;-40,98;-36,82;35,21;-0,90;1,95;0,12;-11,72;;5.933,48;-22,84;-9,36;0,00;20.130.959,70
HYPE3;31,23;3,76;15,27;2,14;1,15;64,30;32,26;31,67;15,00;15,58;0,58;0,08;4,84;3,75;-2,12;3,01;14,02;7,51;8,41;0,54;0,46;0,24;6,70;18,26;140.330.095,57;14,59;2,04;1,36;19.781.732.302,29
IDVL3;2,16;;-0,99;0,93;0,06;-18,91;-40,19;-154,60;-3,81;-3,84;;;1,53;0,48;-0,13;1,26;-94,38;-5,67;;0,06;0,94;0,04;-32,17;;289.164,47;2,31;-2,18;0,00;224.007.574,38
IDVL4;2,67;;-1,22;1,16;0,07;-18,91;-40,19;-154,60;-4,71;-3,84;;;1,89;0,59;-0,16;1,26;-94,38;-5,67;;0,06;0,94;0,04;-32,17;;89.696,16;2,31;-2,18;0,00;224.007.574,38
IGBR3;9,65;;-1,32;-0,13;0,63;80,85;-655,78;-1.542,07;-3,11;-26,43;-23,32;;20,41;-1,61;-0,68;0,15;-9,87;-47,71;198,41;-4,83;5,83;0,03;-8,75;;2.542.272,14;-73,87;-7,29;-0,05;120.672.921,90
IGSN3;0,00;;0,00;0,00;0,00;42,78;23,69;4,79;0,00;0,01;0,01;1,35;0,00;0,00;0,00;2,70;4.603,21;1.288,62;6.333,81;0,28;0,72;269,20;9,74;21,41;;0,00;0,18;0,00;0,00
IGTA3;30,54;0,67;23,35;1,74;0,86;62,81;57,18;32,77;13,38;17,96;4,58;0,60;7,65;8,59;-1,09;1,89;7,45;3,67;5,23;0,49;0,51;0,11;5,50;6,38;69.416.148,52;17,57;1,31;-1,48;5.393.717.592,12
INEP3;27,30;;-0,53;-0,10;0,16;19,54;-4.232,60;-5.843,94;-0,73;-3,10;-2,38;;30,77;-0,11;-0,20;0,10;-19,63;-30,72;21,52;-1,57;2,57;0,01;-53,72;;880.451,05;-264,21;-51,86;0,77;221.787.160,30
INEP4;26,50;;-0,51;-0,10;0,16;19,54;-4.232,60;-5.843,94;-0,71;-3,10;-2,38;;29,86;-0,11;-0,19;0,10;-19,63;-30,72;21,52;-1,57;2,57;0,01;-53,72;;1.011.963,24;-264,21;-51,86;0,75;221.787.160,30
INNT3;0,00;;0,00;0,00;0,00;21,81;3,30;1,98;0,00;13,46;13,46;1,50;0,00;0,00;0,00;1,58;6,69;0,67;0,51;0,10;0,90;0,34;62,50;37,41;;0,90;0,06;0,00;0,00
INTB3;17,60;;29,96;6,95;2,81;36,33;14,93;9,90;19,86;19,37;-0,49;-0,17;2,97;7,58;-13,89;1,86;23,21;9,36;20,53;0,40;0,60;0,95;;;67.227.115,72;2,53;0,59;;5.765.955.536,00
IRBR3;5,89;2,24;-4,91;1,75;0,33;-18,47;-21,42;-17,94;-4,11;-4,11;;;0,88;-5,32;-1,02;0,92;-35,74;-6,70;;0,19;0,81;0,37;17,75;;194.795.513,90;3,36;-1,20;0,02;7.467.874.055,48
ITEC3;40,10;;-35,12;22,04;9,22;-121,18;-18.852,94;-7.435,88;-13,85;-13,21;0,64;-1,02;2.611,73;25,42;-16,70;5,23;-62,76;-26,24;-174,07;0,42;0,58;0,00;-75,29;;;1,82;-1,14;1,36;443.994.658,60
ITSA3;10,97;2,03;13,08;1,52;1,27;31,50;131,36;120,00;11,95;11,42;0,17;0,02;15,69;21,48;-1,43;2,15;11,64;9,72;11,36;0,84;0,16;0,08;3,78;-3,97;2.136.252,14;7,21;0,84;-0,41;86.856.082.165,30
ITSA4;9,99;2,23;11,91;1,39;1,16;31,50;131,36;120,00;10,88;11,42;0,17;0,02;14,29;19,56;-1,30;2,15;11,64;9,72;11,36;0,84;0,16;0,08;3,78;-3,97;406.019.318,95;7,21;0,84;-0,38;86.856.082.165,30
ITUB3;23,52;2,07;12,20;1,49;0,11;57,67;3,01;10,87;44,09;46,23;;;1,33;;-0,12;;12,23;0,94;;0,08;0,92;0,09;6,04;-10,45;20.356.011,29;15,76;1,93;-0,40;241.787.165.309,55
ITUB4;25,83;1,88;13,40;1,64;0,13;57,67;3,01;10,87;48,42;46,23;;;1,46;;-0,13;;12,23;0,94;;0,08;0,92;0,09;6,04;-10,45;1.292.018.348,43;15,76;1,93;-0,44;241.787.165.309,55
JALL3;8,32;;24,00;4,34;0,86;50,14;40,67;10,39;6,13;9,38;3,25;2,30;2,49;3,91;-1,61;1,88;18,08;3,57;14,56;0,20;0,80;0,34;;;21.514.359,69;1,92;0,35;;2.412.261.271,68
JBDU3;2,34;;-2,73;0,18;0,06;;;;-3,04;-3,56;-1,48;0,09;;-0,36;-0,06;0,00;-6,76;-2,26;-5,56;0,33;0,67;0,00;;;65.616,81;12,70;-0,86;0,04;8.030.671,29
JBDU4;1,23;;-1,43;0,10;0,03;;;;-1,60;-3,56;-1,48;0,09;;-0,19;-0,03;0,00;-6,76;-2,26;-5,56;0,33;0,67;0,00;;;36.034,81;12,70;-0,86;0,02;8.030.671,29
JBSS3;27,00;2,00;23,50;1,80;0,43;17,04;7,89;1,20;3,57;6,17;2,60;1,30;0,28;2,72;-0,69;1,69;7,64;1,81;14,38;0,24;0,74;1,51;11,17;21,85;417.986.482,81;15,04;1,15;-0,83;70.831.088.442,00
JFEN3;4,33;;-0,95;-1,60;0,35;-49,78;-182,10;-237,31;-1,24;-2,81;-1,57;;2,26;-20,97;-2,40;0,98;-168,26;-36,67;-193,80;-0,22;1,30;0,15;-26,22;;55.586,00;-2,70;-4,55;0,08;455.532.518,95
JHSF3;6,59;2,21;7,05;1,19;0,62;69,23;69,73;54,99;5,56;6,21;0,64;0,14;3,88;5,81;-0,84;1,72;16,82;8,84;13,05;0,53;0,47;0,16;13,16;42,24;68.422.187,14;5,55;0,93;0,07;4.540.670.486,27
JOPA3;30,50;0,94;6,73;0,60;0,15;30,82;10,08;3,24;2,16;6,15;3,99;1,10;0,22;0,55;-0,48;1,70;8,88;2,28;5,20;0,26;0,66;0,71;3,46;-6,68;53.464,38;51,05;4,53;0,00;322.966.944,58
JOPA4;32,06;0,99;7,08;0,63;0,16;30,82;10,08;3,24;2,27;6,15;3,99;1,10;0,23;0,58;-0,50;1,70;8,88;2,28;5,20;0,26;0,66;0,71;3,46;-6,68;3.206,00;51,05;4,53;0,00;322.966.944,58
JPSA3;21,63;0,64;20,24;1,19;0,30;62,85;53,73;13,30;5,01;10,09;5,08;1,20;2,69;3,01;-0,38;1,89;5,86;1,47;4,74;0,25;0,51;0,11;5,51;;4.659.339,81;18,24;1,07;-1,36;1.901.042.833,62
JSLG3;9,44;0,59;11,48;2,47;0,63;19,78;8,08;2,91;4,13;6,60;2,47;1,48;0,33;1,66;-1,31;3,71;21,52;5,50;13,77;0,26;0,74;1,89;;;6.000.896,81;3,82;0,82;0,56;2.643.115.776,32
KEPL3;46,75;1,17;18,18;2,38;1,30;24,21;11,98;10,08;15,29;12,01;-3,29;-0,51;1,83;8,01;-3,08;1,39;13,07;7,13;11,01;0,55;0,45;0,71;-1,00;61,09;17.243.713,29;19,67;2,57;0,23;1.230.084.644,25
KLBN11;30,09;;-13,59;7,71;0,96;39,52;26,90;-20,82;10,52;16,67;6,15;4,51;2,83;4,71;-1,38;2,98;-56,74;-7,05;5,83;0,12;0,88;0,34;16,01;;318.813.095,57;3,90;-2,21;0,03;33.808.478.605,61
KLBN3;6,08;;-13,73;7,79;0,97;39,52;26,90;-20,82;10,63;16,67;6,15;4,51;2,86;4,76;-1,40;2,98;-56,74;-7,05;5,83;0,12;0,88;0,34;16,01;;1.938.557,57;0,78;-0,44;0,03;33.808.478.605,61
KLBN4;6,00;;-13,55;7,69;0,96;39,52;26,90;-20,82;10,49;16,67;6,15;4,51;2,82;4,70;-1,38;2,98;-56,74;-7,05;5,83;0,12;0,88;0,34;16,01;;11.743.115,43;0,78;-0,44;0,03;33.808.478.605,61
LAME3;22,50;0,96;71,87;3,39;1,05;34,85;8,64;2,86;23,81;24,79;0,01;0,00;2,06;2,92;-2,87;2,33;4,72;1,47;5,16;0,31;0,60;0,51;3,26;10,35;61.238.386,05;6,64;0,31;1,30;44.147.187.170,58
LAME4;23,91;0,90;76,37;3,60;1,12;34,85;8,64;2,86;25,30;24,79;0,01;0,00;2,19;3,10;-3,05;2,33;4,72;1,47;5,16;0,31;0,60;0,51;3,26;10,35;355.181.944,95;6,64;0,31;1,38;44.147.187.170,58
LAVV3;6,67;;24,19;1,20;0,89;41,05;32,74;22,85;16,88;5,49;-11,38;-0,81;5,53;1,15;-10,11;6,48;4,98;3,66;5,94;0,74;0,21;0,16;;;11.026.252,05;5,54;0,28;;1.431.573.108,84
LCAM3;23,77;1,56;31,36;2,89;0,84;24,87;13,89;6,90;15,57;19,98;4,41;0,82;2,16;9,98;-1,25;1,34;9,21;2,67;5,88;0,29;0,71;0,39;51,17;83,45;75.542.701,14;8,23;0,76;2,23;12.092.498.099,47
LEVE3;17,92;3,07;25,60;1,72;0,84;23,64;6,21;4,04;16,68;17,35;0,67;0,07;1,04;3,83;-1,97;1,63;6,71;3,30;5,26;0,49;0,51;0,82;1,60;5,40;5.274.375,29;10,43;0,70;-0,39;2.299.288.320,00
LHER3;0,00;;0,00;0,00;0,00;63,41;22,35;10,99;0,00;-3,77;-3,77;-0,15;0,00;0,00;0,00;6,36;1,95;0,67;3,94;0,34;0,66;0,06;4,31;-51,59;;141,54;2,76;0,00;0,00
LHER4;0,00;;0,00;0,00;0,00;63,41;22,35;10,99;0,00;-3,77;-3,77;-0,15;0,00;0,00;0,00;6,36;1,95;0,67;3,94;0,34;0,66;0,06;4,31;-51,59;;141,54;2,76;0,00;0,00
LIGT3;17,64;;-60,61;0,97;0,26;19,17;3,62;-0,90;15,04;31,46;16,43;1,05;0,54;6,09;-0,36;1,17;-1,59;-0,42;1,98;0,27;0,73;0,47;7,79;14,91;65.562.715,38;18,28;-0,29;0,57;6.571.875.915,36
LINX3;38,34;0,29;-1.524,98;4,31;2,69;66,79;3,94;-0,55;213,05;205,95;-7,11;-0,14;8,40;10,57;-4,96;2,26;-0,28;-0,18;0,81;0,62;0,38;0,32;16,40;-10,47;45.502.288,24;8,89;-0,03;13,84;7.261.939.526,40
LIPR3;67,00;;24,16;3,95;3,44;;;;25,71;22,75;-2,96;-0,45;;11,17;-5,81;4,06;16,33;14,23;14,73;0,87;0,13;0,00;;;111.258,00;16,98;2,77;-0,01;788.247.563,00
LJQQ3;16,63;0,40;63,64;6,74;1,43;41,22;8,62;3,24;23,92;22,18;-1,74;-0,49;2,06;4,65;-5,34;1,72;10,60;2,24;12,08;0,21;0,79;0,69;;;39.387.766,05;2,47;0,26;;3.114.637.173,47
LLIS3;3,93;;-0,61;0,44;0,11;31,90;-172,04;-68,62;-0,24;-1,66;-1,42;2,52;0,42;0,84;-0,14;2,16;-70,98;-17,67;-75,30;0,25;0,75;0,26;4,50;;292.411,43;9,02;-6,40;0,00;270.583.757,97
LOGG3;31,42;0,67;22,93;1,04;0,76;98,80;177,16;98,89;12,80;14,18;1,38;0,11;22,68;7,09;-0,94;2,37;4,54;3,32;4,06;0,73;0,27;0,03;8,78;52,67;13.672.598,29;30,15;1,37;0,42;3.209.840.618,68
LOGN3;14,78;;-14,58;7,18;0,75;16,73;13,98;-10,00;10,43;15,41;4,98;3,43;1,46;2,49;-1,42;2,71;-49,28;-5,11;7,89;0,10;0,90;0,51;1,55;;13.529.448,86;2,06;-1,01;0,02;1.559.130.242,98
LPSB3;3,47;;-34,65;3,09;1,36;85,78;17,86;-9,39;18,21;13,35;-4,86;-0,83;3,25;4,47;-2,54;2,90;-8,93;-3,93;7,51;0,44;0,57;0,42;-13,72;;4.534.628,24;1,12;-0,10;1,66;512.014.569,57
LREN3;37,48;0,86;27,22;5,42;2,04;57,23;11,37;14,54;34,82;35,66;0,83;0,13;3,96;9,14;-5,19;1,58;19,93;7,49;8,47;0,38;0,62;0,51;4,17;13,62;322.743.244,71;6,91;1,38;-105,94;29.840.459.470,80
LTEL3B;86,61;0,41;62,34;6,62;5,58;;;;59,08;59,12;0,04;0,00;;48,12;-6,48;5,95;10,62;8,95;9,57;0,84;0,16;0,00;;;;13,08;1,39;-0,67;18.664.056.853,83
LUPA3;2,06;;-0,41;1,35;0,11;56,37;707,68;1.312,06;-0,77;-3,09;-2,32;4,09;;0,51;-0,17;2,34;-326,35;-26,36;-32,97;0,08;0,92;-0,02;-38,92;;688.757,05;1,52;-4,97;0,00;54.970.354,28
LUXM3;0,00;;0,00;0,00;0,00;25,92;13,66;10,95;0,00;14,03;0,41;0,06;0,00;0,00;0,00;2,02;12,15;7,55;7,49;0,62;0,38;0,69;13,39;26,08;;18,64;2,27;0,00;199.962.000,00
LUXM4;69,00;6,77;30,46;3,70;2,30;25,92;13,66;10,95;24,42;14,03;0,41;0,06;3,34;18,78;-3,04;2,02;12,15;7,55;7,49;0,62;0,38;0,69;13,39;26,08;29.422,06;18,64;2,27;0,25;199.962.000,00
LWSA3;26,21;0,12;866,07;23,35;12,60;41,99;10,43;3,91;324,69;316,76;-7,94;-0,57;33,86;33,47;-43,57;2,13;2,70;1,45;4,15;0,54;0,46;0,37;;;278.844.581,52;1,12;0,03;115,19;15.344.953.044,12
MAPT3;50,01;;-264,10;-8,02;59,45;;;;-267,17;-267,15;0,00;;;-11.488,48;-59,45;0,00;-3,04;-22,51;3,00;-7,41;8,41;0,00;;;5.001,00;-6,23;-0,19;-30,18;45.949.294,55
MAPT4;50,00;;-264,05;-8,02;59,44;;;;-267,12;-267,15;0,00;;;-11.486,19;-59,44;0,00;-3,04;-22,51;3,00;-7,41;8,41;0,00;;;5.000,00;-6,23;-0,19;-30,18;45.949.294,55
MBLY3;22,40;;-150,24;477,65;9,13;41,03;-0,22;-2,90;-1.974,65;-1.995,58;-20,93;5,06;4,35;-57,76;-28,17;0,81;-317,92;-6,08;-2,09;0,02;0,98;2,10;;;40.813.729,18;0,05;-0,15;;2.385.373.849,60
MDIA3;29,09;1,57;12,03;1,52;1,02;34,96;11,29;11,31;12,05;12,45;0,40;0,05;1,36;5,55;-1,73;1,80;12,60;8,47;9,31;0,67;0,33;0,75;5,91;-1,46;35.943.543,43;19,18;2,42;0,13;9.861.510.000,00
MDNE3;9,38;;-5,74;0,80;0,38;25,64;-16,12;-33,09;-11,78;-13,50;-1,72;0,12;1,90;1,46;-0,69;2,33;-13,86;-6,59;-6,31;0,48;0,53;0,20;-13,69;;3.145.251,48;11,80;-1,64;1,46;796.449.937,50
MEAL3;3,08;;-1,92;0,70;0,33;25,41;-42,12;-37,35;-1,70;-1,78;-0,07;0,03;0,72;2,82;-0,45;1,76;-36,63;-17,11;-34,91;0,47;0,53;0,46;29,56;;22.954.162,33;4,38;-1,60;0,00;882.018.152,40
MELK3;5,76;;23,46;1,03;0,61;25,04;11,13;8,80;18,56;9,33;-9,22;-0,51;2,06;1,14;-3,84;2,72;4,41;2,58;3,54;0,59;0,40;0,29;;;5.131.870,00;5,57;0,25;;1.197.903.404,16
MERC3;31,20;0,40;64,18;2,27;1,86;79,12;22,22;15,28;44,13;31,78;;;9,81;6,08;-3,06;4,63;3,54;2,90;;0,82;0,18;0,19;-30,32;;21.988,80;13,75;0,49;-1,25;404.676.865,20
MERC4;11,12;4,44;22,88;0,81;0,66;79,12;22,22;15,28;15,73;31,78;;;3,50;2,17;-1,09;4,63;3,54;2,90;;0,82;0,18;0,19;-30,32;;12.077,38;13,75;0,49;-0,45;404.676.865,20
MGEL3;0,00;;0,00;0,00;0,00;15,80;8,07;-20,64;0,00;16,21;15,44;;0,00;0,00;0,00;2,01;-22,28;-25,84;13,88;-1,16;2,16;1,25;4,34;;;-83,32;-18,56;0,00;32.514.728,75
MGEL4;8,75;;-0,47;-0,11;0,12;15,80;8,07;-20,64;1,21;16,21;15,44;;0,10;0,38;-0,34;2,01;-22,28;-25,84;13,88;-1,16;2,16;1,25;4,34;;66.426,05;-83,32;-18,56;0,00;32.514.728,75
MGLU3;25,12;0,20;479,84;22,13;7,48;26,91;3,46;1,33;184,90;183,50;-1,40;-0,17;6,40;44,90;-21,89;1,34;4,61;1,56;9,06;0,34;0,66;1,17;15,25;48,29;783.197.956,81;1,14;0,05;-7,50;163.253.042.421,76
MILS3;5,13;;-85,85;1,18;0,93;38,10;-1,30;-3,03;-199,40;-186,31;13,09;-0,08;2,60;4,25;-1,33;3,53;-1,37;-1,08;-0,78;0,78;0,22;0,36;-11,16;;6.698.176,67;4,35;-0,06;1,69;1.292.535.459,90
MMAQ3;0,00;;0,00;0,00;0,00;8,02;7,66;6,49;0,00;-1,69;-1,72;-0,37;0,00;0,00;0,00;2,76;18,05;12,48;15,89;0,69;0,31;1,92;11,72;15,69;;3.787,00;683,70;0,00;1.115.195,25
MMAQ4;49,73;328,32;0,07;0,01;0,01;8,02;7,66;6,49;0,06;-1,69;-1,72;-0,37;0,00;0,02;-0,05;2,76;18,05;12,48;15,89;0,69;0,31;1,92;11,72;15,69;;3.787,00;683,70;0,00;1.115.195,25
MMXM3;16,40;;-0,93;-0,13;0,82;-2,34;-4.304,30;-44.701,56;-9,66;-33,88;-24,23;;415,65;-0,12;-0,99;0,02;-13,73;-88,53;2,71;-6,45;7,46;0,00;-67,19;;2.177.610,90;-128,50;-17,64;0,03;106.406.201,20
MNDL3;22,00;;-3,44;-0,35;0,05;33,48;8,96;-3,26;1,25;4,59;3,33;;0,11;-0,08;-0,07;0,30;-10,16;-1,49;-520,81;-0,15;1,15;0,46;5,04;;41.338,63;-62,96;-6,40;-0,02;54.565.720,00
MNPR3;6,87;;-3,41;-0,13;0,21;29,39;14,00;-5,83;1,42;1,42;0,01;;0,20;-0,12;-0,36;0,21;-3,89;-6,02;-9,28;-1,55;2,55;1,03;4,71;;152.628,71;-51,89;-2,02;0,05;48.777.687,00
MOAR3;239,90;2,28;-38,96;3,30;2,01;0,39;-120,05;-68,06;-22,09;-20,30;1,79;-0,27;26,52;6,50;-3,44;3,95;-8,48;-5,16;-16,50;0,61;0,39;0,08;-25,48;-11,37;598.360,59;72,63;-6,16;0,22;2.939.067.917,90
MOSI3;25,30;;94,60;32,79;15,92;92,07;32,40;21,06;61,50;61,51;0,01;0,01;19,93;54,78;-39,06;1,96;34,66;16,82;25,49;0,49;0,51;0,80;;;157.624.896,00;0,77;0,27;;3.202.873.234,00
MOVI3;16,86;0,88;46,23;2,14;0,59;21,19;7,45;2,67;16,56;25,48;8,92;1,15;1,23;-74,08;-0,82;0,97;4,62;1,28;4,05;0,28;0,72;0,48;27,48;10,21;37.106.055,76;7,89;0,36;-0,89;5.039.808.296,04
MRFG3;14,81;;4,88;10,92;0,28;17,44;11,60;3,40;1,43;3,85;2,42;18,42;0,17;2,08;-0,49;1,44;223,61;5,63;22,16;0,03;0,93;1,66;26,24;;141.074.606,38;1,36;3,03;-0,47;10.535.388.411,53
MRSA3B;51,09;0,66;59,78;4,03;1,64;26,27;21,22;8,76;24,68;23,17;2,38;0,39;5,24;80,65;-2,01;1,12;6,75;2,74;7,45;0,41;0,59;0,31;0,88;5,85;14.503,17;12,67;0,85;-1,24;14.626.938.307,83
MRSA5B;33,00;1,12;38,62;2,61;1,06;26,27;21,22;8,76;15,94;23,17;2,38;0,39;3,38;52,10;-1,30;1,12;6,75;2,74;7,45;0,41;0,59;0,31;0,88;5,85;9.900,00;12,67;0,85;-0,80;14.626.938.307,83
MRSA6B;29,62;1,25;34,66;2,34;0,95;26,27;21,22;8,76;14,31;23,17;2,38;0,39;3,04;46,76;-1,17;1,12;6,75;2,74;7,45;0,41;0,59;0,31;0,88;5,85;5.801,00;12,67;0,85;-0,72;14.626.938.307,83
MRVE3;16,52;3,31;15,79;1,42;0,45;28,45;9,90;7,94;12,66;18,69;6,03;0,68;1,25;1,53;-0,90;2,52;8,99;2,88;4,56;0,32;0,66;0,36;7,66;-0,09;77.041.138,52;11,63;1,05;-0,51;7.977.095.545,16
MSPA3;48,00;;-5,03;0,37;0,22;24,01;-56,68;-59,76;-5,30;-6,17;-0,79;0,05;3,00;4,99;-0,23;2,35;-7,31;-4,31;-6,43;0,59;0,41;0,07;-14,68;;4.810,00;130,66;-9,55;-0,01;312.225.541,76
MSPA4;54,19;;-5,67;0,41;0,24;24,01;-56,68;-59,76;-5,98;-6,17;-0,79;0,05;3,39;5,64;-0,26;2,35;-7,31;-4,31;-6,43;0,59;0,41;0,07;-14,68;;16.486,00;130,66;-9,55;-0,01;312.225.541,76
MSRO3;702,50;;29.281,89;361,06;80,77;31,00;18,77;0,59;916,57;922,17;5,59;2,20;172,02;-794,36;-108,33;0,71;1,23;0,28;9,66;0,22;0,78;0,47;15,89;-13,57;;1,95;0,02;2.518,24;18.271.898.550,00
MTIG3;0,00;;0,00;0,00;0,00;11,76;-5,17;9,69;0,00;-12,26;-10,89;2,47;0,00;0,00;0,00;0,72;42,51;8,44;-48,15;0,20;0,80;0,87;10,03;;;115,27;49,00;0,00;8.607.936,00
MTIG4;53,50;;1,09;0,46;0,09;11,76;-5,17;9,69;-2,05;-12,26;-10,89;2,47;0,11;-0,65;-0,14;0,72;42,51;8,44;-48,15;0,20;0,80;0,87;10,03;;13.575,33;115,27;49,00;0,00;8.607.936,00
MTRE3;12,00;;40,54;1,28;0,98;31,86;9,39;8,27;35,70;15,57;-20,13;-0,72;3,35;1,42;-6,74;5,12;3,15;2,42;2,76;0,77;0,23;0,29;;;9.485.683,43;9,40;0,30;3,44;1.269.297.840,00
MTSA3;34,41;1,99;6,48;1,13;0,82;28,35;18,11;14,67;5,25;3,81;-1,03;-0,22;0,95;1,57;-3,46;3,13;17,38;12,59;11,27;0,72;0,28;0,86;4,06;-2,01;;30,54;5,31;0,03;290.232.780,80
MTSA4;29,50;2,57;5,56;0,97;0,70;28,35;18,11;14,67;4,50;3,81;-1,03;-0,22;0,82;1,35;-2,96;3,13;17,38;12,59;11,27;0,72;0,28;0,86;4,06;-2,01;141.423,15;30,54;5,31;0,03;290.232.780,80
MULT3;19,85;2,29;12,37;1,91;1,13;74,59;106,00;89,15;10,40;12,06;1,66;0,30;11,03;14,20;-1,37;1,84;15,47;9,13;11,12;0,59;0,41;0,10;0,31;21,64;209.328.971,62;10,38;1,60;0,12;11.925.103.368,75
MWET3;42,50;;-3,34;-0,39;0,48;12,18;-4,98;-18,23;-12,20;-15,43;-10,28;;0,61;-0,67;-0,66;0,27;-11,67;-14,39;5,38;-1,23;2,24;0,79;-1,75;;67.071,44;-109,16;-12,74;0,07;36.934.293,84
MWET4;5,67;;-0,45;-0,05;0,06;12,18;-4,98;-18,23;-1,63;-15,43;-10,28;;0,08;-0,09;-0,09;0,27;-11,67;-14,39;5,38;-1,23;2,24;0,79;-1,75;;96.655,95;-109,16;-12,74;0,01;36.934.293,84
MYPK3;12,71;5,23;-6,05;0,51;0,15;6,44;-0,86;-3,91;-27,53;-80,22;-52,69;0,97;0,24;3,34;-0,25;1,12;-8,41;-2,48;-0,76;0,30;0,68;0,63;11,12;28,99;24.473.730,10;24,97;-2,10;0,03;1.953.776.128,71
NAFG3;64,37;;11,80;2,76;1,15;41,15;16,49;9,34;6,68;5,06;1,17;0,48;1,10;3,20;-2,87;2,52;23,42;9,77;15,89;0,42;0,58;1,05;7,87;33,76;9.648,50;23,30;5,46;-1,14;508.315.292,42
NAFG4;19,02;;3,49;0,82;0,34;41,15;16,49;9,34;1,97;5,06;1,17;0,48;0,33;0,94;-0,85;2,52;23,42;9,77;15,89;0,42;0,58;1,05;7,87;33,76;115.738.599,33;23,30;5,46;-0,34;508.315.292,42
NEMO3;0,00;;0,00;0,00;0,00;32,56;22,33;-14,35;0,00;10,45;10,45;165,18;0,00;0,00;0,00;1,50;-1.015,74;-4,01;-2,56;0,00;0,99;0,28;29,06;;;2,41;-24,49;0,00;0,00
NEMO5;52,97;0,06;-2,16;21,97;0,09;32,56;22,33;-14,35;1,39;10,45;10,45;165,18;0,31;1,49;-0,11;1,50;-1.015,74;-4,01;-2,56;0,00;0,99;0,28;29,06;;;2,41;-24,49;0,00;0,00
NEMO6;0,00;;0,00;0,00;0,00;32,56;22,33;-14,35;0,00;10,45;10,45;165,18;0,00;0,00;0,00;1,50;-1.015,74;-4,01;-2,56;0,00;0,99;0,28;29,06;;;2,41;-24,49;0,00;0,00
NEOE3;16,22;2,77;7,01;0,92;0,30;23,05;15,25;8,78;4,04;8,39;4,37;0,99;0,62;6,61;-0,38;1,25;13,06;4,24;8,22;0,32;0,68;0,48;16,97;50,84;37.953.003,19;17,72;2,31;0,27;19.639.239.472,64
NGRD3;8,76;;174,97;15,24;6,23;66,82;16,13;5,79;62,79;65,24;2,45;0,59;10,13;182,29;-8,61;1,14;8,71;3,56;10,07;0,41;0,59;0,62;;;87.207.890,19;0,57;0,05;;2.090.682.010,80
NORD3;20,80;;411,13;-0,98;8,07;91,85;200,19;21,18;43,49;55,18;11,70;;87,06;-2,86;-8,63;0,02;-0,24;1,96;-3,09;-8,20;9,20;0,09;;;123.262,86;-21,13;0,05;-3,82;137.726.908,80
NRTQ3;0,00;;0,00;0,00;0,00;30,20;18,39;11,87;0,00;-0,72;-0,72;-0,18;0,00;0,00;0,00;2,80;15,62;10,75;16,43;0,69;0,31;0,91;8,13;4,81;;12,63;1,97;0,00;0,00
NTCO3;47,34;;-80,83;2,65;1,01;65,37;2,73;-2,72;80,63;96,19;15,57;0,51;2,20;27,33;-1,44;1,14;-3,27;-1,25;1,11;0,38;0,62;0,46;14,29;-26,83;378.796.715,29;17,89;-0,59;0,31;65.093.358.747,60
NUTR3;221,00;;0,68;1,75;0,41;21,89;4,60;59,67;8,86;11,13;2,27;0,45;0,41;1,37;-0,96;2,07;256,10;59,42;-36,05;0,23;0,77;1,00;7,39;;1.083.282,00;126,37;323,63;0,00;28.275.624,00
ODER4;190,00;0,13;34,10;8,84;4,25;33,58;18,68;11,70;21,36;22,25;0,89;0,37;3,99;11,60;-15,11;2,04;25,92;12,46;23,83;0,48;0,52;1,07;3,77;27,10;37.500,00;21,50;5,57;0,15;2.144.550.140,00
ODPV3;13,14;3,85;19,99;5,80;3,43;59,34;27,80;19,69;14,16;12,42;-1,74;-0,71;3,94;15,32;-7,58;1,69;28,99;17,15;28,00;0,59;0,41;0,87;9,37;7,87;30.528.457,62;2,27;0,66;0,99;6.981.213.566,88
OFSA3;32,01;1,37;20,77;3,13;1,73;50,53;12,91;11,78;18,94;20,62;1,67;0,28;2,45;5,03;-3,98;2,54;15,07;8,31;10,42;0,55;0,45;0,71;13,61;3,92;768.857,10;10,23;1,54;0,20;1.726.907.682,06
OGXP3;1,63;;-2,15;-0,98;0,92;;;;-9,26;-9,26;0,00;;;-0,98;;0,51;-45,53;-43,02;10,57;-0,94;1,94;0,00;;;;-1,67;-0,76;0,02;52.747.073,84
OIBR3;1,76;;-0,72;1,75;0,14;21,68;-4,43;-77,15;-12,50;-37,96;-25,38;3,56;0,55;1,73;-0,19;1,50;-243,90;-20,08;-3,51;0,08;0,92;0,26;-6,55;;257.980.397,00;1,00;-2,45;-0,02;10.540.914.425,75
OIBR4;2,15;;-0,88;2,14;0,18;21,68;-4,43;-77,15;-15,27;-37,96;-25,38;3,56;0,68;2,12;-0,24;1,50;-243,90;-20,08;-3,51;0,08;0,92;0,26;-6,55;;10.266.051,62;1,00;-2,45;-0,02;10.540.914.425,75
OMGE3;38,29;;-1.310,33;2.016,61;847,68;33,37;41,96;-1,09;34,14;34,15;0,01;0,77;14,32;4.437,41;-1.111,27;5,14;-153,90;-64,69;2.349,37;0,42;0,57;59,19;54,71;4,35;56.038.182,76;0,02;-0,03;11,20;7.506.223.455,99
OPCT3;10,74;;-1.138,69;12,21;2,01;22,74;15,13;-0,29;22,18;27,31;5,14;2,83;3,36;20,90;-2,99;1,42;-1,07;-0,18;9,37;0,16;0,84;0,60;;;32.452.747,42;0,88;-0,01;;2.147.565.609,96
ORVR3;21,14;;37,44;24,81;2,24;34,27;4,15;10,52;94,97;115,06;20,09;5,25;3,94;-29,42;-2,90;0,75;66,27;5,97;0,63;0,09;0,89;0,57;;;15.340.160,27;0,85;0,56;;1.510.452.365,80
OSXB3;17,95;;-0,11;-0,01;0,03;95,46;-1.867,50;-4.687,45;-0,29;-22,96;-22,67;;5,37;-0,11;-0,03;0,03;-10,24;-24,71;61,12;-2,41;3,42;0,01;-56,03;;666.238,19;-1.531,02;-156,78;0,00;56.507.282,10
PARD3;19,83;1,48;20,39;3,66;1,33;26,44;13,76;9,49;14,06;14,96;0,89;0,23;1,93;9,98;-2,23;1,50;17,93;6,53;13,19;0,36;0,64;0,69;14,21;13,42;9.566.173,00;5,42;0,97;-2,21;2.597.305.538,85
PATI3;35,05;0,51;3,51;1,06;0,47;17,50;16,43;12,71;2,71;2,61;-0,14;-0,05;0,45;0,93;-2,49;2,60;30,18;13,32;14,13;0,44;0,56;1,05;17,73;75,16;47.612,35;33,09;9,99;0,00;648.143.253,75
PATI4;45,00;6,22;4,51;1,36;0,60;17,50;16,43;12,71;3,48;2,61;-0,14;-0,05;0,57;1,20;-3,20;2,60;30,18;13,32;14,13;0,44;0,56;1,05;17,73;75,16;31.457,11;33,09;9,99;0,00;648.143.253,75
PCAR3;21,35;2,73;2,63;0,34;0,11;26,83;5,13;4,25;2,18;2,36;0,17;0,03;0,11;-6,80;-0,16;0,95;12,96;4,09;7,58;0,32;0,68;0,96;6,62;;370.506.531,43;62,63;8,12;0,01;5.756.141.112,15
PCAR4;72,11;;8,88;1,15;0,36;26,83;5,13;4,25;7,36;2,36;0,17;0,03;0,38;-22,98;-0,54;0,95;12,96;4,09;7,58;0,32;0,68;0,96;6,62;;;62,63;8,12;0,05;5.756.141.112,15
PDGR3;4,88;;-0,05;-0,01;0,02;13,07;-197,94;-390,22;-0,10;-3,96;-3,86;;0,19;-0,02;-0,10;0,36;-15,08;-45,05;12,14;-2,99;4,02;0,12;-41,16;;2.609.774,24;-667,99;-100,70;-0,01;39.366.740,40
PDTC3;5,73;;26,12;4,36;1,19;36,43;10,49;10,17;25,31;26,51;1,19;0,21;2,66;3,45;-5,19;1,82;16,71;4,57;9,30;0,27;0,73;0,45;173,12;;400.848,95;1,31;0,22;0,12;449.517.233,67
PEAB3;63,99;50,19;1,74;0,86;0,65;27,52;262,91;171,97;1,14;0,25;-0,83;-0,63;2,99;1,22;-2,55;3,57;49,38;37,59;49,21;0,76;0,24;0,22;8,71;26,97;18.311,00;74,62;36,85;0,00;783.802.706,61
PEAB4;58,00;60,91;1,57;0,78;0,59;27,52;262,91;171,97;1,03;0,25;-0,83;-0,63;2,71;1,10;-2,31;3,57;49,38;37,59;49,21;0,76;0,24;0,22;8,71;26,97;8.452,88;74,62;36,85;0,00;783.802.706,61
PETR3;20,97;1,14;38,48;0,88;0,28;45,56;18,24;2,61;5,51;12,15;6,62;1,06;1,01;45,32;-0,32;1,04;2,28;0,72;6,17;0,32;0,68;0,28;-3,29;;1.038.892.973,14;23,85;0,54;-0,47;274.775.550.035,46
PETR4;21,19;0,00;38,89;0,89;0,28;45,56;18,24;2,61;5,57;12,15;6,62;1,06;1,02;45,79;-0,33;1,04;2,28;0,72;6,17;0,32;0,68;0,28;-3,29;;3.243.563.321,00;23,85;0,54;-0,47;274.775.550.035,46
PETZ3;21,80;0,15;171,11;16,07;4,42;48,82;9,88;3,73;64,53;64,43;-0,11;-0,03;6,37;24,54;-8,73;1,57;9,39;2,58;9,70;0,28;0,72;0,69;;;78.028.539,48;1,36;0,13;;8.128.256.352,80
PFRM3;5,42;;15,25;0,66;0,18;14,40;1,63;0,83;7,79;10,15;2,35;0,20;0,13;0,78;-0,56;1,53;4,32;1,20;3,89;0,28;0,62;1,44;6,84;;3.510.671,57;8,23;0,36;-0,02;671.065.229,66
PGMN3;9,26;;42,79;2,12;0,71;30,92;4,69;1,40;12,77;13,57;0,80;0,13;0,60;3,27;-1,58;1,67;4,95;1,67;10,44;0,34;0,66;1,19;8,17;25,42;7.963.977,81;4,37;0,22;-0,03;4.109.412.634,12
PINE3;0,00;;0,00;0,00;0,00;21,25;-18,97;-9,65;0,00;-1,17;;;0,00;0,00;0,00;0,65;-8,03;-0,46;;0,06;0,94;0,05;-7,40;;;5,35;-0,43;0,00;145.885.643,22
PINE4;2,01;;-4,68;0,38;0,02;21,25;-18,97;-9,65;-2,38;-1,17;;;0,45;-0,17;-0,03;0,65;-8,03;-0,46;;0,06;0,94;0,05;-7,40;;561.152,33;5,35;-0,43;0,10;145.885.643,22
PLAS3;4,57;;2,87;-0,33;0,10;2,04;-3,83;5,66;-4,24;-15,41;-11,17;;0,16;-0,39;-0,12;0,45;-11,48;3,40;380,03;-0,30;1,30;0,60;-9,15;;40.298,38;-13,87;1,59;-0,03;56.784.160,26
PLPL3;5,52;;6,81;5,26;1,18;36,86;16,32;13,22;5,52;5,89;0,37;0,36;0,90;1,46;-30,27;6,26;77,18;17,26;30,28;0,22;0,78;1,31;;;2.528.788,33;1,05;0,81;;1.127.493.120,00
PMAM3;8,79;;-0,31;-1,07;0,09;0,43;-7,69;-31,06;-1,24;-10,85;-9,61;;0,10;-0,17;-0,17;0,46;-347,35;-29,98;-18,20;-0,09;1,09;0,97;2,00;;1.563.066,29;-8,24;-28,60;0,00;381.519.832,71
PNVL3;18,29;0,74;49,35;2,76;1,27;28,21;3,24;1,95;29,81;31,13;1,52;0,14;0,96;3,65;-3,75;2,12;5,59;2,58;5,35;0,46;0,54;1,32;7,62;9,23;16.226.130,05;6,63;0,37;-1,66;2.751.831.224,00
PNVL4;16,90;0,89;45,60;2,55;1,18;28,21;3,24;1,95;27,55;31,13;1,52;0,14;0,89;3,37;-3,46;2,12;5,59;2,58;5,35;0,46;0,54;1,32;7,62;9,23;333.578,29;6,63;0,37;-1,53;2.751.831.224,00
POMO3;2,45;1,84;22,34;0,89;0,40;16,59;4,80;2,89;13,45;19,56;5,72;0,38;0,65;1,60;-0,86;1,85;3,98;1,77;2,81;0,44;0,56;0,61;5,56;0,36;907.914,24;2,75;0,11;-0,46;2.386.466.946,08
POMO4;2,56;1,76;23,34;0,93;0,41;16,59;4,80;2,89;14,06;19,56;5,72;0,38;0,68;1,67;-0,90;1,85;3,98;1,77;2,81;0,44;0,56;0,61;5,56;0,36;28.897.983,05;2,75;0,11;-0,48;2.386.466.946,08
POSI3;4,20;0,76;12,51;0,64;0,23;20,40;3,72;2,55;8,56;11,99;3,43;0,26;0,32;0,78;-1,21;1,58;5,11;1,86;3,32;0,36;0,63;0,73;-3,86;-2,17;7.328.755,48;6,57;0,34;0,03;595.560.000,00
POWE3;14,50;;27,51;6,22;1,71;11,57;8,54;3,79;12,22;12,37;0,14;0,07;1,04;15,45;-3,76;1,25;22,62;6,20;31,97;0,27;0,73;1,63;;;26.193.618,19;2,33;0,53;;1.299.995.412,00
PPAR3;14,60;;-10,29;0,03;0,02;;;;-6,47;7,76;14,23;-0,06;;0,44;-0,02;248,90;-0,25;-0,18;-0,40;0,72;0,28;0,00;;12,45;;566,68;-1,42;0,08;1.080.400,00
PPLA11;9,02;;-172,71;6.347,07;8,90;;;;-172,71;-172,71;;;;-8,91;-8,90;0,00;-3.675,00;-5,15;;0,00;1,00;0,00;;;19.529,52;0,00;-0,05;1,74;25.388.287,32
PRIO3;89,62;;34,77;5,00;2,32;32,42;49,51;23,78;16,70;18,51;1,81;0,54;8,27;-51,11;-3,18;0,86;14,37;6,67;16,03;0,46;0,54;0,28;49,72;32,61;575.203.581,71;17,94;2,58;-1,21;15.743.202.065,78
PRNR3;6,95;;-13,13;1,28;0,82;11,33;-0,68;-7,83;-150,57;-114,66;35,91;-0,30;1,03;1,75;-2,54;3,26;-9,73;-6,25;-6,06;0,64;0,36;0,80;;;1.031.502,95;5,44;-0,53;0,02;269.372.381,20
PSSA3;43,58;4,91;8,35;1,57;0,38;100,00;9,04;9,07;8,37;2,14;-6,22;-1,17;0,76;3,26;-1,22;1,21;18,83;4,60;8,56;0,24;0,76;0,51;3,79;11,08;55.586.621,62;27,74;5,22;0,37;14.089.110.247,40
PTBL3;9,15;1,65;13,80;3,35;0,70;32,60;6,02;8,32;19,07;25,28;6,21;1,09;1,15;11,45;-1,25;1,16;24,31;5,07;1,18;0,21;0,79;0,61;3,26;-32,43;37.308.408,52;2,73;0,66;0,06;1.413.943.653,15
PTCA11;0,00;;0,00;0,00;0,00;42,89;6,81;4,81;0,00;2,54;2,54;0,46;0,00;0,00;0,00;1,63;12,79;4,38;7,20;0,34;0,66;0,91;;;;12,39;1,58;0,00;0,00
PTCA3;0,00;;0,00;0,00;0,00;42,89;6,81;4,81;0,00;2,54;2,54;0,46;0,00;0,00;0,00;1,63;12,79;4,38;7,20;0,34;0,66;0,91;;;;12,39;1,58;0,00;0,00
PTNT3;8,35;;21,10;1,32;0,57;14,30;6,27;3,39;11,40;11,06;3,26;0,38;0,71;6,38;-1,08;1,24;6,28;2,71;6,34;0,43;0,57;0,80;1,60;-29,08;179.260,05;6,30;0,40;-0,66;274.671.397,00
PTNT4;4,40;;11,12;0,70;0,30;14,30;6,27;3,39;6,01;11,06;3,26;0,38;0,38;3,36;-0,57;1,24;6,28;2,71;6,34;0,43;0,57;0,80;1,60;-29,08;177.117,48;6,30;0,40;-0,35;274.671.397,00
QUAL3;32,89;0,89;23,75;5,27;2,41;81,03;29,11;19,36;15,79;16,39;0,60;0,20;4,60;10,47;-4,01;2,36;22,17;10,14;14,80;0,46;0,54;0,52;6,05;22,49;125.478.386,24;6,25;1,39;-3,50;9.341.231.149,25
QUSW3;0,00;;0,00;0,00;0,00;27,64;13,10;5,07;0,00;0,54;0,54;0,19;0,00;0,00;0,00;1,41;13,45;5,76;13,94;0,43;0,57;1,14;27,25;9,12;;56,30;7,57;0,00;0,00
QVQP3B;0,00;;0,00;0,00;0,00;;;;0,00;1,22;1,22;-0,98;;0,00;;;-78,05;-78,05;-79,88;1,00;0,00;0,00;;;;0,00;0,00;0,00;0,00
RADL3;23,21;0,56;93,82;9,19;2,94;29,37;4,54;2,12;43,72;45,01;1,29;0,27;1,99;17,68;-5,73;1,52;9,79;3,13;13,34;0,32;0,68;1,48;18,90;28,93;160.954.326,33;2,53;0,25;-1,91;38.341.295.300,00
RAIL3;18,49;;115,37;2,24;0,75;32,22;27,97;4,27;17,59;23,82;6,23;0,79;4,92;5,63;-0,98;2,25;1,94;0,65;5,05;0,33;0,67;0,15;10,92;;288.214.962,90;8,25;0,16;-1,87;34.283.396.045,59
RANI3;6,11;1,13;16,91;2,00;0,86;31,60;16,08;9,01;9,48;10,94;1,46;0,31;1,52;3,17;-1,50;2,78;11,80;5,11;10,79;0,43;0,57;0,57;6,30;184,81;18.705.646,14;3,06;0,36;-0,08;1.568.560.635,85
RANI4;5,50;1,25;15,22;1,80;0,78;31,60;16,08;9,01;8,53;10,94;1,46;0,31;1,37;2,86;-1,35;2,78;11,80;5,11;10,79;0,43;0,57;0,57;6,30;184,81;644.391,25;3,06;0,36;-0,07;1.568.560.635,85
RAPT3;9,90;2,44;15,07;1,96;0,43;24,01;10,37;4,63;6,73;11,01;2,81;0,82;0,70;1,37;-1,07;2,12;13,03;2,87;5,88;0,22;0,71;0,62;6,15;4,06;289.094,52;5,04;0,66;-11,47;4.165.983.822,78
RAPT4;13,14;1,84;20,00;2,61;0,57;24,01;10,37;4,63;8,94;11,01;2,81;0,82;0,93;1,82;-1,42;2,12;13,03;2,87;5,88;0,22;0,71;0,62;6,15;4,06;39.614.126,38;5,04;0,66;-15,22;4.165.983.822,78
RCSL3;10,67;;-361,02;-12,02;19,73;21,65;2,09;-9,61;1.661,26;685,27;-2,82;;34,68;-72,11;-32,99;0,60;-3,33;-5,46;-0,72;-1,64;2,65;0,57;55,45;;12.702.040,57;-0,89;-0,03;6,81;335.095.432,62
RCSL4;1,38;;-46,69;-1,55;2,55;21,65;2,09;-9,61;214,86;685,27;-2,82;;4,48;-9,33;-4,27;0,60;-3,33;-5,46;-0,72;-1,64;2,65;0,57;55,45;;2.226.115,19;-0,89;-0,03;0,88;335.095.432,62
RDNI3;9,00;0,10;78,47;0,65;0,25;26,54;11,61;1,40;9,47;17,98;8,50;0,58;1,10;1,41;-0,42;1,83;0,83;0,32;2,91;0,39;0,61;0,23;-14,86;-56,14;126.118,86;13,83;0,11;-0,56;393.928.272,00
RDOR3;68,05;0,19;315,42;9,65;2,96;18,30;11,67;3,05;82,52;87,53;5,02;0,59;9,63;7,27;-5,82;5,81;3,06;0,94;4,25;0,31;0,69;0,31;;;162.188.378,33;7,05;0,22;-6,79;135.101.512.897,75
REDE3;9,36;0,99;29,11;5,09;0,95;21,11;14,98;6,31;12,27;15,72;3,46;1,44;1,84;8,44;-1,44;1,49;17,50;3,26;9,25;0,19;0,74;0,52;17,93;-10,54;102.387,32;1,84;0,32;20,61;19.752.626.780,64
RENT3;58,82;0,59;42,56;7,37;2,18;28,12;17,48;10,17;24,76;28,39;3,62;1,08;4,33;35,04;-3,00;1,30;17,32;5,13;8,60;0,30;0,70;0,50;21,28;21,10;373.461.041,43;7,98;1,38;1,66;44.613.009.529,40
RLOG3;20,50;;73,51;3,79;0,20;34,71;29,67;1,85;4,59;11,51;6,92;5,71;1,36;1,32;-0,27;2,64;5,15;0,28;5,46;0,05;0,71;0,15;50,58;42,36;25.448.265,00;5,41;0,28;-2,15;9.496.096.940,50
RNEW11;10,38;;-0,31;-0,11;0,06;53,11;-144,55;-772,80;-1,67;-20,26;-18,59;;2,41;-0,05;-0,07;0,04;-34,21;-19,91;-26,76;-0,58;1,58;0,03;-20,17;;285.974,71;-97,15;-33,23;0,01;144.350.245,04
RNEW3;3,92;;-0,35;-0,12;0,07;53,11;-144,55;-772,80;-1,89;-20,26;-18,59;;2,73;-0,05;-0,07;0,04;-34,21;-19,91;-26,76;-0,58;1,58;0,03;-20,17;;183.924,62;-32,38;-11,08;0,01;144.350.245,04
RNEW4;3,26;;-0,29;-0,10;0,06;53,11;-144,55;-772,80;-1,57;-20,26;-18,59;;2,27;-0,04;-0,06;0,04;-34,21;-19,91;-26,76;-0,58;1,58;0,03;-20,17;;300.370,29;-32,38;-11,08;0,00;144.350.245,04
ROMI3;28,49;8,42;11,97;2,56;1,20;30,71;10,98;17,93;19,55;21,55;2,00;0,26;2,15;4,34;-3,08;1,82;21,42;9,99;7,50;0,47;0,53;0,56;9,91;88,47;57.361.419,71;11,11;2,38;0,35;2.089.283.437,78
RPAD3;6,11;;15,24;0,50;0,50;94,85;34.974,23;35.003,09;15,25;18,18;-0,62;-0,02;5.334,11;40,91;-0,51;2,32;3,30;3,27;3,30;0,99;0,01;0,00;-12,49;-8,01;32.774,17;12,14;0,40;-0,90;638.061.051,03
RPAD5;9,23;5,91;23,02;0,76;0,75;94,85;34.974,23;35.003,09;23,04;18,18;-0,62;-0,02;8.057,91;61,79;-0,77;2,32;3,30;3,27;3,30;0,99;0,01;0,00;-12,49;-8,01;14.289,00;12,14;0,40;-1,36;638.061.051,03
RPAD6;5,61;;13,99;0,46;0,46;94,85;34.974,23;35.003,09;14,00;18,18;-0,62;-0,02;4.897,60;37,56;-0,47;2,32;3,30;3,27;3,30;0,99;0,01;0,00;-12,49;-8,01;12.908,35;12,14;0,40;-0,83;638.061.051,03
RPMG3;2,83;;-0,55;-0,06;0,06;-2,04;-20,29;-24,08;-0,65;-0,65;0,00;;0,13;-0,07;-0,84;0,50;-11,38;-11,71;9,59;-1,03;2,03;0,49;37,84;;268.268,43;-45,46;-5,17;-0,02;191.567.310,07
RRRP3;40,60;;-101,83;20,36;11,09;53,35;-11,71;-119,94;-1.043,39;-1.039,08;4,30;-0,08;122,14;183,77;-11,91;8,38;-19,99;-10,89;-4,23;0,54;0,46;0,09;;;22.361.945,81;1,99;-0,40;;4.445.876.285,20
RSID3;10,95;;-1,53;-0,26;0,10;10,78;-447,43;-244,98;-0,84;-6,75;-5,91;;3,74;-0,17;-0,16;0,38;-16,87;-6,72;-36,09;-0,40;1,41;0,03;-48,12;;3.332.228,33;-42,52;-7,17;0,02;187.829.040,15
RSUL3;0,00;;0,00;0,00;0,00;35,90;21,35;13,92;0,00;1,46;0,23;0,48;0,00;0,00;0,00;0,62;133,22;10,72;95,41;0,08;0,92;0,77;4,32;19,67;;31,45;41,90;0,00;45.840.000,00
RSUL4;191,00;;4,56;6,07;0,49;35,90;21,35;13,92;2,97;1,46;0,23;0,48;0,63;-2,40;-0,73;0,62;133,22;10,72;95,41;0,08;0,92;0,77;4,32;19,67;35.563,57;31,45;41,90;0,09;45.840.000,00
SANB11;37,66;2,73;10,06;1,66;0,14;16,13;7,82;14,15;18,21;18,21;;;1,42;-0,30;-0,17;0,26;16,53;1,42;;0,09;0,91;0,10;-2,12;6,46;144.604.356,29;22,64;3,74;-0,70;141.197.339.690,33
SANB3;17,98;2,73;9,61;1,59;0,14;16,13;7,82;14,15;17,39;18,21;;;1,36;-0,28;-0,16;0,26;16,53;1,42;;0,09;0,91;0,10;-2,12;6,46;1.661.891,14;11,32;1,87;-0,66;141.197.339.690,33
SANB4;19,85;2,72;10,61;1,75;0,15;16,13;7,82;14,15;19,20;18,21;;;1,50;-0,31;-0,18;0,26;16,53;1,42;;0,09;0,91;0,10;-2,12;6,46;2.007.266,43;11,32;1,87;-0,73;141.197.339.690,33
SAPR11;20,15;4,93;6,11;0,88;0,46;59,97;32,72;20,76;3,88;5,64;1,77;0,40;1,27;19,81;-0,53;1,21;14,35;7,55;11,34;0,53;0,47;0,36;10,07;17,84;61.840.211,67;22,97;3,30;-0,79;6.090.158.241,57
SAPR3;4,05;4,54;6,14;0,88;0,46;59,97;32,72;20,76;3,90;5,64;1,77;0,40;1,28;19,91;-0,54;1,21;14,35;7,55;11,34;0,53;0,47;0,36;10,07;17,84;4.058.159,95;4,59;0,66;-0,79;6.090.158.241,57
SAPR4;4,05;4,99;6,14;0,88;0,46;59,97;32,72;20,76;3,90;5,64;1,77;0,40;1,28;19,91;-0,54;1,21;14,35;7,55;11,34;0,53;0,47;0,36;10,07;17,84;27.993.421,24;4,59;0,66;-0,79;6.090.158.241,57
SBSP3;36,98;3,72;21,08;1,17;0,53;37,31;24,92;6,81;5,76;8,82;3,06;0,62;1,44;82,21;-0,58;1,07;5,53;2,51;11,31;0,45;0,55;0,37;9,91;30,11;223.027.572,57;31,74;1,75;-0,31;25.276.194.955,62
SCAR3;33,12;0,19;22,37;1,23;0,60;72,95;57,01;21,61;8,48;12,87;4,39;0,64;4,83;5,13;-0,76;2,21;5,51;2,68;5,81;0,49;0,51;0,12;4,05;-6,45;476.833,33;26,85;1,48;0,96;1.912.260.005,28
SEDU3;23,80;;-13,36;15,00;1,53;48,36;-15,73;-25,77;-21,89;-27,94;-6,05;4,15;3,44;57,90;-2,27;1,09;-112,29;-11,46;-13,15;0,10;0,90;0,44;12,49;;;1,59;-1,78;0,01;6.238.667.820,00
SEER3;11,59;2,81;36,44;1,12;0,51;53,37;14,78;3,22;7,94;7,43;-0,51;-0,07;1,17;2,03;-0,81;3,13;3,07;1,40;9,33;0,45;0,55;0,43;12,60;-8,61;11.773.388,33;10,35;0,32;-0,48;1.491.882.880,40
SEQL3;29,55;;534,62;9,13;2,73;21,58;4,38;0,70;85,99;90,34;4,35;0,46;3,76;9,87;-5,63;2,16;1,71;0,51;3,30;0,30;0,70;0,73;;;25.462.851,00;3,24;0,06;-2,70;3.757.283.120,55
SGPS3;6,17;;-0,95;0,27;0,10;33,88;-1,79;-23,67;-12,51;-42,94;-30,44;0,66;0,22;1,41;-0,16;1,22;-28,67;-10,40;-4,44;0,36;0,64;0,44;-7,42;;712.127,62;22,76;-6,53;0,00;308.500.000,00
SHOW3;3,40;;-4,00;0,90;0,37;13,22;-30,43;-46,23;-6,08;-4,73;1,35;-0,20;1,85;2,03;-0,89;1,45;-22,54;-9,23;-9,66;0,41;0,59;0,20;-6,57;;1.493.598,62;3,77;-0,85;0,15;229.202.938,60
SHUL3;0,00;;0,00;0,00;0,00;23,57;9,70;8,47;0,00;9,49;2,19;0,30;0,00;0,00;0,00;2,11;11,93;4,84;6,62;0,41;0,59;0,57;7,65;12,44;;7,61;0,91;0,00;678.009.178,00
SHUL4;13,25;2,34;14,59;1,74;0,71;23,57;9,70;8,47;12,73;9,49;2,19;0,30;1,24;2,09;-1,96;2,11;11,93;4,84;6,62;0,41;0,59;0,57;7,65;12,44;2.933.236,90;7,61;0,91;-0,96;678.009.178,00
SIMH3;36,41;0,47;27,39;4,19;0,33;20,58;8,92;2,80;8,59;18,29;9,71;4,74;0,77;1,13;-0,63;2,60;15,32;1,20;3,58;0,08;0,87;0,43;11,83;34,48;41.787.637,29;8,68;1,33;0,63;7.499.042.777,16
SLCE3;44,42;2,22;21,71;3,12;1,08;26,09;19,05;10,93;12,46;14,48;2,02;0,51;2,37;7,26;-2,02;1,47;14,35;4,98;10,02;0,35;0,63;0,46;15,19;35,04;62.256.659,38;14,26;2,05;0,44;8.466.229.900,00
SLED3;0,88;;-0,13;-0,16;0,13;29,89;-102,42;-114,29;-0,15;-0,79;-0,68;;0,15;-0,96;-0,18;0,70;-119,84;-93,74;663,74;-0,78;1,78;0,82;-18,14;;386.385,48;-5,45;-6,53;0,00;41.438.221,72
SLED4;0,52;;-0,08;-0,10;0,07;29,89;-102,42;-114,29;-0,09;-0,79;-0,68;;0,09;-0,56;-0,11;0,70;-119,84;-93,74;663,74;-0,78;1,78;0,82;-18,14;;632.631,62;-5,45;-6,53;0,00;41.438.221,72
SMFT3;0,00;;0,00;0,00;0,00;13,76;-31,39;-52,03;0,00;-3,95;-3,95;0,87;0,00;0,00;0,00;0,96;-36,54;-9,49;-9,90;0,26;0,74;0,18;;;;92,59;-33,83;0,00;0,00
SMLS3;20,05;6,33;8,71;1,90;0,74;85,53;56,42;46,45;7,17;5,71;-1,46;-0,39;4,05;4,66;-1,97;1,35;21,76;8,55;15,32;0,39;0,61;0,18;;;15.245.822,52;10,57;2,30;-0,16;2.489.387.007,65
SMTO3;30,29;1,79;12,43;3,20;0,89;34,82;35,23;20,07;7,08;10,10;3,02;1,36;2,49;6,13;-1,24;2,01;25,77;7,12;12,82;0,28;0,72;0,35;14,03;17,25;56.559.421,57;9,45;2,44;0,26;10.723.003.155,41
SNSY3;15,50;;-0,84;-0,09;0,31;14,01;-12,35;-30,72;-2,08;-2,96;-1,78;;0,26;-0,72;-0,67;0,55;-10,75;-37,42;4,70;-3,48;4,52;1,22;0,60;;94.631,48;-172,53;-18,55;0,04;68.361.797,60
SNSY5;5,37;;-0,29;-0,03;0,11;14,01;-12,35;-30,72;-0,72;-2,96;-1,78;;0,09;-0,25;-0,23;0,55;-10,75;-37,42;4,70;-3,48;4,52;1,22;0,60;;148.323,29;-172,53;-18,55;0,01;68.361.797,60
SNSY6;13,33;;-0,72;-0,08;0,27;14,01;-12,35;-30,72;-1,79;-2,96;-1,78;;0,22;-0,62;-0,58;0,55;-10,75;-37,42;4,70;-3,48;4,52;1,22;0,60;;1.033,67;-172,53;-18,55;0,04;68.361.797,60
SOMA3;13,27;;-88,85;4,16;2,66;61,85;-5,53;-6,26;-100,62;-93,62;7,00;-0,29;5,57;6,12;-8,46;2,74;-4,68;-3,00;-6,80;0,64;0,36;0,48;;;16.063.214,24;3,19;-0,15;;6.331.668.023,48
SOND3;241,80;0,35;27,81;7,93;5,96;29,07;28,28;33,50;32,94;13,32;-2,15;-0,52;9,32;14,42;-13,32;3,96;28,51;21,43;22,24;0,75;0,25;0,64;-16,58;-15,38;;30,50;8,70;0,23;279.082.319,00
SOND5;45,01;2,05;5,18;1,48;1,11;29,07;28,28;33,50;6,13;13,32;-2,15;-0,52;1,73;2,68;-2,48;3,96;28,51;21,43;22,24;0,75;0,25;0,64;-16,58;-15,38;11.090,75;30,50;8,70;0,04;279.082.319,00
SOND6;45,00;2,05;5,18;1,48;1,11;29,07;28,28;33,50;6,13;13,32;-2,15;-0,52;1,73;2,68;-2,48;3,96;28,51;21,43;22,24;0,75;0,25;0,64;-16,58;-15,38;5.954,00;30,50;8,70;0,04;279.082.319,00
SPRI3;21,72;;-3,32;2,45;2,36;;;;-3,00;-2,46;0,17;-0,14;;4,61;-4,93;66,47;-73,82;-71,18;-81,66;0,96;0,04;0,00;;;15.718,85;8,86;-6,54;-0,01;48.073.731,88
SPRI5;8,52;;-1,30;0,96;0,93;;;;-1,18;-2,46;0,17;-0,14;;1,81;-1,93;66,47;-73,82;-71,18;-81,66;0,96;0,04;0,00;;;3.405,00;8,86;-6,54;0,00;48.073.731,88
SPRI6;11,00;;-1,68;1,24;1,20;;;;-1,52;-2,46;0,17;-0,14;;2,34;-2,49;66,47;-73,82;-71,18;-81,66;0,96;0,04;0,00;;;13.263,91;8,86;-6,54;0,00;48.073.731,88
SPRT3B;76,40;;-2.717,50;-2.795,73;34.713,49;;;;-2.958,01;-2.958,01;0,00;;;-2.588,38;-34.899,85;0,00;-102,88;-1.277,40;94,51;-12,42;13,42;0,00;;;;-0,03;-0,03;63,96;370.531.748,80
SQIA3;20,92;;715,75;3,40;2,41;33,93;0,72;1,04;1.034,98;853,26;-181,72;-0,60;7,42;4,89;-6,10;5,49;0,48;0,34;0,22;0,71;0,29;0,33;19,79;;15.647.073,05;6,15;0,03;-4,29;1.475.881.147,04
STBP3;5,66;0,31;-276,00;2,34;1,15;22,65;5,92;-1,97;91,77;79,45;-12,31;-0,31;5,43;4,98;-1,65;4,39;-0,85;-0,42;1,88;0,49;0,51;0,21;-0,62;-30,01;39.759.737,33;2,42;-0,02;0,91;4.881.627.619,48
STKF3;0,00;;0,00;0,00;0,00;48,18;27,19;12,90;0,00;3,26;3,26;0,30;0,00;0,00;0,00;1,13;4,38;2,50;5,52;0,57;0,43;0,19;15,38;;;4,94;0,22;0,00;0,00
STTR3;0,00;;0,00;0,00;0,00;30,88;10,84;10,83;0,00;-0,50;-0,50;-0,10;0,00;0,00;0,00;2,98;19,44;11,32;13,57;0,58;0,42;1,04;9,75;31,06;;2,10;0,41;0,00;0,00
SULA11;32,61;6,14;5,58;1,62;0,47;13,59;5,09;12,22;13,38;-2,15;-15,54;-1,88;0,68;1,24;-1,47;2,26;28,97;8,42;6,95;0,29;0,71;0,69;4,99;26,05;112.102.489,19;20,18;5,85;0,06;13.095.095.500,26
SULA3;12,47;5,35;6,40;1,85;0,54;13,59;5,09;12,22;15,35;-2,15;-15,54;-1,88;0,78;1,42;-1,69;2,26;28,97;8,42;6,95;0,29;0,71;0,69;4,99;26,05;228.469,14;6,73;1,95;0,06;13.095.095.500,26
SULA4;10,30;6,48;5,29;1,53;0,45;13,59;5,09;12,22;12,68;-2,15;-15,54;-1,88;0,65;1,17;-1,40;2,26;28,97;8,42;6,95;0,29;0,71;0,69;4,99;26,05;396.863,43;6,73;1,95;0,05;13.095.095.500,26
SUZB3;73,50;;-9,33;13,64;0,98;37,73;27,72;-35,21;11,85;19,38;7,56;8,70;3,28;10,22;-1,19;2,20;-146,17;-10,54;1,89;0,07;0,93;0,30;24,40;;627.689.852,38;5,39;-7,88;-0,03;99.807.845.978,88
TAEE11;30,75;10,44;6,57;1,84;0,76;65,65;81,06;57,25;4,64;6,76;2,12;0,84;3,76;4,36;-1,01;3,63;27,94;11,62;15,88;0,42;0,58;0,20;3,71;2,07;74.043.659,95;16,74;4,68;0,14;10.583.006.423,04
TAEE3;10,22;10,47;6,55;1,83;0,76;65,65;81,06;57,25;4,63;6,76;2,12;0,84;3,75;4,34;-1,01;3,63;27,94;11,62;15,88;0,42;0,58;0,20;3,71;2,07;1.157.288,43;5,58;1,56;0,14;10.583.006.423,04
TAEE4;10,28;10,41;6,59;1,84;0,77;65,65;81,06;57,25;4,66;6,76;2,12;0,84;3,77;4,37;-1,01;3,63;27,94;11,62;15,88;0,42;0,58;0,20;3,71;2,07;2.414.567,48;5,58;1,56;0,14;10.583.006.423,04
TASA3;19,50;;299,02;-7,32;1,45;40,10;19,80;0,42;6,37;9,18;2,82;;1,26;6,78;-4,41;1,47;-2,45;0,48;45,92;-0,20;1,20;1,15;11,06;;3.045.333,71;-2,66;0,07;83,79;1.869.718.444,35
TASA4;19,68;;301,78;-7,39;1,46;40,10;19,80;0,42;6,43;9,18;2,82;;1,27;6,84;-4,45;1,47;-2,45;0,48;45,92;-0,20;1,20;1,15;11,06;;65.758.807,19;-2,66;0,07;84,57;1.869.718.444,35
TCNO3;1,79;;23,51;32,03;0,05;;;;-14,01;-51,09;-39,55;90,44;;-0,12;-0,06;0,29;136,22;0,22;-2,50;0,00;1,00;0,00;;;32.655,90;0,06;0,08;-0,21;9.759.738,68
TCNO4;1,30;;17,08;23,26;0,04;;;;-10,17;-51,09;-39,55;90,44;;-0,09;-0,04;0,29;136,22;0,22;-2,50;0,00;1,00;0,00;;;43.110,10;0,06;0,08;-0,15;9.759.738,68
TCSA3;7,19;;-2,73;0,66;0,31;-4,40;-64,13;-72,15;-3,07;-4,22;-1,13;0,24;1,97;2,03;-0,48;1,79;-24,03;-11,47;-14,28;0,48;0,52;0,16;-25,67;;11.868.474,90;10,95;-2,63;0,10;531.530.840,60
TECN3;1,37;;-1,03;0,34;0,17;44,44;-40,26;-45,23;-1,15;-2,08;-0,92;0,27;0,46;0,49;-0,38;2,67;-33,38;-16,44;-20,67;0,49;0,51;0,36;-5,22;;2.350.066,33;3,99;-1,33;0,00;107.553.514,55
TEKA3;43,30;;-0,19;-0,01;0,02;18,65;-11,29;-89,43;-1,50;-34,82;-33,86;;0,17;-0,01;-0,02;0,03;-6,96;-11,78;1,66;-1,69;2,69;0,13;4,39;;46.935,20;-3.293,09;-229,15;0,01;13.935.290,70
TEKA4;19,88;;-0,09;-0,01;0,01;18,65;-11,29;-89,43;-0,69;-34,82;-33,86;;0,08;0,00;-0,01;0,03;-6,96;-11,78;1,66;-1,69;2,69;0,13;4,39;;109.532,80;-3.293,09;-229,15;0,01;13.935.290,70
TELB3;70,01;;167,10;2,99;1,12;-70,12;25,80;11,00;71,25;49,85;-9,12;-0,38;18,38;4,67;-1,60;5,30;1,79;0,67;3,57;0,38;0,62;0,06;6,86;;176.472,65;23,45;0,42;-1,54;3.931.894.563,21
TELB4;25,85;;61,70;1,10;0,41;-70,12;25,80;11,00;26,31;49,85;-9,12;-0,38;6,79;1,72;-0,59;5,30;1,79;0,67;3,57;0,38;0,62;0,06;6,86;;279.436,05;23,45;0,42;-0,57;3.931.894.563,21
TEND3;25,50;1,94;13,01;1,80;0,65;31,50;11,97;9,56;10,39;9,41;-0,98;-0,17;1,24;1,32;-2,52;2,93;13,83;4,98;8,24;0,36;0,64;0,52;27,88;;46.529.544,76;14,17;1,96;-0,99;2.661.821.715,46
TESA3;32,20;;-8,10;0,96;0,25;27,84;18,66;-7,27;3,15;8,05;4,89;1,48;0,59;-8,73;-0,37;0,92;-11,82;-3,11;11,02;0,26;0,74;0,43;4,07;;1.954.610,57;33,64;-3,98;-0,12;697.371.435,60
TFCO4;13,00;;463,83;452,67;39,86;55,16;15,97;12,18;353,75;352,41;-1,34;-1,72;56,48;744,28;-140,07;1,08;97,59;8,59;37,43;0,09;0,91;0,71;;;2.944.054,48;0,03;0,03;;12.340.175.107,00
TGMA3;19,79;1,72;14,79;2,11;1,27;20,49;11,28;8,20;10,74;11,07;0,12;0,02;1,21;4,35;-2,51;2,42;14,24;8,56;11,17;0,60;0,40;1,04;-1,32;;9.629.807,52;9,39;1,34;-0,28;1.331.278.795,55
TIET11;15,79;6,80;7,43;3,42;0,63;94,37;86,92;42,17;3,60;5,43;1,85;1,75;3,13;-39,06;-0,83;0,94;46,03;8,45;19,40;0,18;0,82;0,20;-5,19;1,09;22.454.718,14;4,62;2,12;0,04;6.257.990.283,78
TIET3;3,10;6,92;7,29;3,36;0,62;94,37;86,92;42,17;3,54;5,43;1,85;1,75;3,08;-38,34;-0,81;0,94;46,03;8,45;19,40;0,18;0,82;0,20;-5,19;1,09;626.825,00;0,92;0,43;0,04;6.257.990.283,78
TIET4;3,14;6,84;7,39;3,40;0,62;94,37;86,92;42,17;3,58;5,43;1,85;1,75;3,12;-38,84;-0,82;0,94;46,03;8,45;19,40;0,18;0,82;0,20;-5,19;1,09;1.527.318,14;0,92;0,43;0,04;6.257.990.283,78
TIMS3;12,86;3,48;16,89;1,34;0,75;53,69;16,30;10,68;11,06;13,01;1,94;0,24;1,80;14,76;-1,00;1,25;7,95;4,43;7,97;0,56;0,44;0,41;0,15;-2,43;83.676.297,76;9,58;0,76;-0,34;31.179.960.646,24
TKNO3;0,00;;0,00;0,00;0,00;25,95;11,38;5,03;0,00;1,08;-1,95;-0,20;0,00;0,00;0,00;3,78;4,54;3,66;6,82;0,81;0,19;0,73;1,69;16,13;;63,79;2,90;0,00;58.510.487,00
TKNO4;43,00;4,46;14,85;0,67;0,54;25,95;11,38;5,03;6,56;1,08;-1,95;-0,20;0,75;1,31;-1,26;3,78;4,54;3,66;6,82;0,81;0,19;0,73;1,69;16,13;53.954,57;63,79;2,90;-0,32;58.510.487,00
TOTS3;30,93;0,69;60,60;6,86;3,47;70,08;15,16;11,36;45,42;43,33;-2,24;-0,34;6,89;22,57;-7,72;1,39;11,33;5,73;10,50;0,51;0,49;0,50;6,34;8,63;178.753.711,10;4,51;0,51;1,49;17.932.646.006,43
TOYB3;2,29;;-43,94;-4,97;4,03;24,06;-10,70;-10,96;-45,00;-47,62;-0,63;;4,81;-5,93;-11,89;0,49;-11,31;-9,18;11,93;-0,81;1,81;0,84;-33,11;;;-0,46;-0,05;0,47;71.890.222,22
TOYB4;2,50;;-47,96;-5,43;4,40;24,06;-10,70;-10,96;-49,12;-47,62;-0,63;;5,26;-6,47;-12,98;0,49;-11,31;-9,18;11,93;-0,81;1,81;0,84;-33,11;;;-0,46;-0,05;0,52;71.890.222,22
TPIS3;1,64;;-15,90;0,44;0,08;14,52;0,94;-1,83;31,05;223,89;192,84;2,76;0,29;-0,37;-0,09;0,23;-2,80;-0,51;-2,35;0,18;0,81;0,28;-10,51;;2.285.454,67;3,69;-0,10;0,16;288.640.000,00
TRIS3;9,24;2,32;10,89;1,50;0,89;35,71;21,92;18,83;9,35;9,67;0,35;0,06;2,05;1,82;-2,84;3,48;13,82;8,17;10,70;0,59;0,38;0,43;16,63;31,43;16.704.447,48;6,14;0,85;0,31;1.716.881.349,60
TRPL3;30,88;8,24;6,05;1,44;0,83;69,27;119,77;90,94;4,60;4,41;0,46;0,14;5,50;4,92;-1,07;4,01;23,80;13,67;19,25;0,57;0,43;0,15;23,49;45,59;115.402,86;21,44;5,10;0,07;17.515.640.689,20
TRPL4;23,84;10,68;4,67;1,11;0,64;69,27;119,77;90,94;3,55;4,41;0,46;0,14;4,25;3,80;-0,82;4,01;23,80;13,67;19,25;0,57;0,43;0,15;23,49;45,59;51.281.451,38;21,44;5,10;0,05;17.515.640.689,20
TUPY3;22,51;;-36,16;1,28;0,51;15,56;4,53;-2,18;17,35;23,35;5,87;0,43;0,79;1,75;-1,13;2,11;-3,54;-1,40;3,64;0,40;0,60;0,64;10,64;25,61;22.377.003,29;17,60;-0,62;0,27;3.269.945.700,00
TXRX3;40,22;;71,26;-0,56;0,90;26,20;-0,73;3,14;-305,36;-541,35;-391,21;;2,24;-0,63;-1,41;0,20;-0,79;1,26;0,77;-1,60;2,60;0,40;3,62;;36.010,36;-71,54;0,56;-1,72;84.229.076,36
TXRX4;9,15;;16,21;-0,13;0,20;26,20;-0,73;3,14;-69,47;-541,35;-391,21;;0,51;-0,14;-0,32;0,20;-0,79;1,26;0,77;-1,60;2,60;0,40;3,62;;109.809,62;-71,54;0,56;-0,39;84.229.076,36
UCAS3;4,11;4,45;22,86;1,77;1,24;38,29;9,87;8,36;19,38;15,97;-3,41;-0,31;1,91;4,85;-2,54;2,01;7,74;5,44;5,96;0,70;0,30;0,65;-9,32;;524.894,67;2,32;0,18;-2,25;271.614.956,04
UGPA3;18,22;;22,74;2,05;0,56;6,91;2,18;1,10;11,49;18,06;6,51;1,16;0,25;2,46;-1,08;1,89;9,01;2,46;4,11;0,27;0,73;2,24;1,43;-9,32;184.604.477,29;8,89;0,80;0,16;20.417.053.479,81
UNIP3;55,20;2,01;25,83;3,41;1,20;29,04;13,49;5,75;11,01;10,34;-0,37;-0,12;1,48;9,63;-1,98;1,47;13,22;4,66;18,50;0,35;0,65;0,81;31,46;21,32;844.803,76;16,17;2,14;-8,70;5.074.044.440,00
UNIP5;54,49;2,76;25,49;3,37;1,19;29,04;13,49;5,75;10,86;10,34;-0,37;-0,12;1,47;9,51;-1,95;1,47;13,22;4,66;18,50;0,35;0,65;0,81;31,46;21,32;45.020,39;16,17;2,14;-8,59;5.074.044.440,00
UNIP6;53,15;2,30;24,87;3,29;1,16;29,04;13,49;5,75;10,60;10,34;-0,37;-0,12;1,43;9,27;-1,90;1,47;13,22;4,66;18,50;0,35;0,65;0,81;31,46;21,32;24.301.615,52;16,17;2,14;-8,38;5.074.044.440,00
USIM3;17,29;0,23;32,20;1,29;0,72;20,24;18,20;4,18;7,40;7,80;0,38;0,07;1,35;2,95;-1,20;2,64;4,00;2,25;10,41;0,56;0,44;0,54;9,57;;10.153.793,62;13,44;0,54;0,15;21.755.027.737,48
USIM5;17,32;0,25;32,26;1,29;0,72;20,24;18,20;4,18;7,41;7,80;0,38;0,07;1,35;2,95;-1,20;2,64;4,00;2,25;10,41;0,56;0,44;0,54;9,57;;362.286.772,52;13,44;0,54;0,15;21.755.027.737,48
USIM6;13,12;0,33;24,44;0,98;0,55;20,24;18,20;4,18;5,61;7,80;0,38;0,07;1,02;2,24;-0,91;2,64;4,00;2,25;10,41;0,56;0,44;0,54;9,57;;1.958,00;13,44;0,54;0,11;21.755.027.737,48
VALE3;100,35;2,40;19,85;2,93;1,11;52,73;24,97;12,81;10,18;10,33;0,15;0,04;2,54;10,40;-1,51;1,67;14,76;5,59;18,93;0,38;0,62;0,44;21,72;;3.045.801.094,52;34,25;5,05;-0,04;529.979.975.886,78
VAMO3;33,75;;42,91;15,19;1,82;34,21;24,42;11,84;20,81;26,45;5,64;4,12;5,08;26,36;-2,62;1,29;35,40;4,24;8,64;0,12;0,88;0,36;;;19.577.267,67;2,22;0,79;1,63;7.689.970.912,50
VIVA3;22,40;0,47;36,20;4,74;2,77;69,98;18,28;14,71;29,12;27,83;-1,40;-0,23;5,32;6,47;-8,59;2,71;13,10;7,65;12,33;0,58;0,42;0,52;;;25.008.037,33;4,72;0,62;;5.312.087.824,81
VIVR3;0,94;;-0,56;-0,50;0,25;153,94;1.184,85;1.640,24;-0,77;-2,36;-1,59;;;-0,41;-0,47;0,43;-89,79;-45,65;-432,83;-0,51;1,51;-0,03;;;744.336,33;-1,88;-1,69;0,02;91.207.038,16
VIVT3;44,19;7,59;15,66;1,07;0,69;47,38;15,26;11,06;11,35;12,45;1,14;0,11;1,73;63,02;-0,83;1,07;6,86;4,39;6,45;0,64;0,36;0,40;1,37;6,88;160.394.940,38;41,13;2,82;-3,40;74.487.885.858,15
VIVT4;45,34;5,25;16,07;1,10;0,71;47,38;15,26;11,06;11,65;12,45;1,14;0,11;1,78;64,66;-0,85;1,07;6,86;4,39;6,45;0,64;0,36;0,40;1,37;6,88;111.231.163,93;41,13;2,82;-3,49;74.487.885.858,15
VLID3;7,19;;-3,51;0,44;0,17;18,31;-4,08;-7,48;-6,45;-17,23;-10,78;0,73;0,26;1,25;-0,31;1,39;-12,45;-4,71;-3,69;0,38;0,61;0,63;9,15;-13,37;5.773.988,19;16,45;-2,05;0,01;512.107.750,00
VSPT3;0,00;;0,00;0,00;0,00;11,19;2,86;-4,23;0,00;-4,70;-4,70;-0,07;0,00;0,00;0,00;0,69;-2,21;-1,28;0,59;0,58;0,42;0,30;10,22;;;37,72;-0,83;0,00;0,00
VSPT4;0,00;;0,00;0,00;0,00;11,19;2,86;-4,23;0,00;-4,70;-4,70;-0,07;0,00;0,00;0,00;0,69;-2,21;-1,28;0,59;0,58;0,42;0,30;10,22;;;37,72;-0,83;0,00;0,00
VULC3;7,22;;80,20;1,65;1,07;33,64;1,69;2,02;96,08;96,52;2,17;0,04;1,62;2,28;-3,16;3,51;2,06;1,34;1,08;0,65;0,35;0,66;5,57;;6.809.426,19;4,36;0,09;-0,95;1.742.412.493,14
VVAR3;11,92;;-102,37;3,38;0,63;32,61;1,88;-0,69;37,48;49,00;11,84;1,07;0,70;8,16;-1,56;1,15;-3,30;-0,62;2,83;0,19;0,81;0,90;2,50;;653.559.986,10;3,53;-0,12;1,31;18.880.725.473,82
WEGE3;77,00;0,80;69,03;13,55;8,11;31,13;16,12;13,40;57,38;56,39;-0,99;-0,23;9,25;24,21;-21,92;2,13;19,62;11,75;18,11;0,60;0,40;0,88;12,35;15,50;538.679.021,76;5,68;1,12;1,53;161.596.742.923,00
WEST3;10,50;;57,69;128,90;10,67;48,61;11,33;26,62;135,62;134,27;-4,58;-4,35;15,36;-133,68;-41,25;0,90;223,42;18,50;-22,52;0,08;0,92;0,69;;;50.424.773,38;0,08;0,18;;1.176.875.610,75
WHRL3;6,91;17,55;17,04;4,90;1,52;18,64;8,66;6,83;13,44;11,92;-2,02;-0,74;1,16;10,64;-6,70;1,23;28,77;8,93;22,26;0,31;0,69;1,31;-4,33;20,00;90.701,52;1,41;0,41;-0,27;10.768.260.243,80
WHRL4;7,72;17,28;19,04;5,48;1,70;18,64;8,66;6,83;15,01;11,92;-2,02;-0,74;1,30;11,89;-7,49;1,23;28,77;8,93;22,26;0,31;0,69;1,31;-4,33;20,00;218.782,76;1,41;0,41;-0,30;10.768.260.243,80
WIZS3;6,23;10,74;4,67;2,83;1,22;76,51;49,53;28,44;2,68;2,05;-0,64;-0,68;1,33;48,28;-2,20;1,06;60,60;26,13;64,74;0,43;0,56;0,92;19,97;21,33;15.499.904,67;2,20;1,33;-12,88;999.420.512,50
WLMM3;18,20;1,76;11,29;1,45;1,15;13,83;7,55;6,33;9,47;11,02;-1,51;-0,23;0,71;3,40;-2,11;3,85;12,81;10,15;12,07;0,79;0,21;1,60;4,61;32,46;12.836,26;12,59;1,61;0,16;876.659.385,00
WLMM4;28,98;1,21;17,98;2,30;1,82;13,83;7,55;6,33;15,07;11,02;-1,51;-0,23;1,14;5,41;-3,35;3,85;12,81;10,15;12,07;0,79;0,21;1,60;4,61;32,46;36.540,95;12,59;1,61;0,25;876.659.385,00
WSON33;44,46;6,65;33,81;1,32;0,55;48,00;19,92;5,42;9,19;15,09;5,90;0,85;1,83;7,91;-0,68;1,61;3,91;1,64;4,48;0,42;0,58;0,30;1,52;4,05;1.339.048,57;33,60;1,31;-1,37;3.191.612.673,60
YDUQ3;27,68;1,84;33,05;2,58;0,91;56,59;15,46;6,94;14,83;19,91;5,04;0,88;2,29;5,60;-1,33;2,04;7,79;2,75;6,80;0,35;0,65;0,40;8,38;12,26;124.958.996,76;10,75;0,84;-0,58;8.577.215.615,25
